failure_flag,RUL,health_state,cooler_failure,valve_failure,pump_failure,hydraulic_failure,maintenance_score
1,0,2,1,1,0,1,0.7804118889004683
1,0,2,1,1,0,1,0.7804118889004683
1,0,2,1,1,0,1,0.7804118889004683
1,0,2,1,1,0,1,0.7804118889004683
1,0,2,1,1,0,1,0.7804118889004683
1,0,2,1,1,0,1,0.7804118889004683
1,0,2,1,1,0,1,0.7804118889004683
1,0,2,1,1,0,1,0.7804118889004683
1,0,2,1,1,0,1,0.7804118889004683
1,0,2,1,1,0,1,0.7804118889004683
1,0,2,1,1,0,1,0.7804118889004683
1,0,2,1,1,0,1,0.7804118889004683
1,0,2,1,1,0,1,0.7804118889004683
1,0,2,1,1,0,1,0.7804118889004683
1,0,2,1,1,0,1,0.7804118889004683
1,0,2,1,1,0,1,0.7804118889004683
1,0,2,1,1,0,1,0.7804118889004683
1,0,2,1,1,0,1,0.7804118889004683
1,0,2,1,1,0,1,0.7804118889004683
1,0,2,1,1,0,1,0.7804118889004683
1,0,2,1,1,0,1,0.7804118889004683
1,0,2,1,1,0,1,0.7804118889004683
1,0,2,1,1,0,1,0.7804118889004683
1,0,2,1,1,0,1,0.7804118889004683
1,0,2,1,1,0,1,0.7804118889004683
1,0,2,1,1,0,1,0.7804118889004683
1,0,2,1,1,0,1,0.7804118889004683
1,0,2,1,1,0,1,0.7804118889004683
1,0,2,1,1,0,1,0.7804118889004683
1,0,2,1,1,0,1,0.7804118889004683
1,0,2,1,1,0,1,0.7804118889004683
1,0,2,1,1,0,1,0.7804118889004683
1,0,2,1,1,0,1,0.7804118889004683
1,0,2,1,1,0,1,0.7804118889004683
1,0,2,1,1,0,1,0.7804118889004683
1,0,2,1,1,0,1,0.7804118889004683
1,0,2,1,1,0,1,0.7804118889004683
1,0,2,1,1,0,1,0.7804118889004683
1,0,2,1,1,0,1,0.7804118889004683
1,0,2,1,1,0,1,0.7804118889004683
1,0,2,1,1,0,1,0.7804118889004683
1,0,2,1,1,0,1,0.7804118889004683
1,0,2,1,1,0,1,0.7804118889004683
1,0,2,1,1,0,1,0.7804118889004683
1,0,2,1,1,0,1,0.7804118889004683
1,0,2,1,1,0,1,0.7804118889004683
1,0,2,1,1,0,1,0.7804118889004683
1,0,2,1,1,0,1,0.7804118889004683
1,0,2,1,1,0,1,0.7804118889004683
1,0,2,1,1,0,1,0.7804118889004683
1,0,2,1,1,0,1,0.7804118889004683
1,0,2,1,1,0,1,0.7804118889004683
1,0,2,1,1,0,1,0.7804118889004683
1,0,2,1,1,0,1,0.7804118889004683
1,0,2,1,1,0,1,0.7804118889004683
1,0,2,1,1,0,1,0.7804118889004683
1,0,2,1,1,0,1,0.7804118889004683
1,0,2,1,1,0,1,0.7804118889004683
1,0,2,1,1,0,1,0.7804118889004683
1,0,2,1,1,0,1,0.7804118889004683
1,0,2,1,1,0,1,0.7804118889004683
1,0,2,1,1,0,1,0.7804118889004683
1,0,2,1,1,0,1,0.7804118889004683
1,0,2,1,1,0,1,0.7804118889004683
1,0,2,1,1,0,1,0.7804118889004683
1,0,2,1,1,0,1,0.7804118889004683
1,0,2,1,1,0,1,0.7804118889004683
1,0,2,1,1,0,1,0.7804118889004683
1,0,2,1,1,0,1,0.7804118889004683
1,0,2,1,1,0,1,0.7804118889004683
1,0,2,1,1,0,1,0.7804118889004683
1,0,2,1,1,0,1,0.7804118889004683
1,0,2,1,1,0,1,0.7804118889004683
1,0,2,1,1,0,1,0.7804118889004683
1,0,2,1,1,0,1,0.7804118889004683
1,0,2,1,1,0,1,0.7804118889004683
1,0,2,1,1,0,1,0.7804118889004683
1,0,2,1,1,0,1,0.7804118889004683
1,0,2,1,1,0,1,0.7804118889004683
1,0,2,1,1,0,1,0.7804118889004683
1,0,2,1,1,0,1,0.7804118889004683
1,0,2,1,1,0,1,0.7804118889004683
1,0,2,1,1,0,1,0.7804118889004683
1,0,2,1,1,0,1,0.7804118889004683
1,0,2,1,1,0,1,0.7804118889004683
1,0,2,1,1,0,1,0.7804118889004683
1,0,2,1,1,0,1,0.7804118889004683
1,0,2,1,1,0,1,0.7804118889004683
1,0,2,1,1,0,1,0.7804118889004683
1,0,2,1,1,0,1,0.7804118889004683
1,0,2,1,1,0,1,0.7804118889004683
1,0,2,1,1,0,1,0.7804118889004683
1,0,2,1,1,0,1,0.7804118889004683
1,0,2,1,1,0,1,0.7804118889004683
1,0,2,1,1,0,1,0.7804118889004683
1,0,2,1,1,0,1,0.7804118889004683
1,0,2,1,1,0,1,0.7804118889004683
1,0,2,1,1,0,1,0.7804118889004683
1,0,2,1,1,0,1,0.7804118889004683
1,0,2,1,1,0,1,0.7804118889004683
1,0,2,1,1,0,1,0.7804118889004683
1,0,2,1,1,0,1,0.7804118889004683
1,0,2,1,1,0,1,0.7804118889004683
1,0,2,1,1,0,1,0.7804118889004683
1,0,2,1,1,0,1,0.7804118889004683
1,0,2,1,1,0,1,0.7804118889004683
1,0,2,1,1,0,1,0.7804118889004683
1,0,2,1,1,0,1,0.7804118889004683
1,0,2,1,1,0,1,0.7804118889004683
1,0,2,1,1,0,1,0.7804118889004683
1,0,2,1,1,0,1,0.7804118889004683
1,0,2,1,1,0,1,0.7804118889004683
1,0,2,1,1,0,1,0.7804118889004683
1,0,2,1,1,0,1,0.7804118889004683
1,0,2,1,1,0,1,0.7804118889004683
1,0,2,1,1,0,1,0.7804118889004683
1,0,2,1,1,0,1,0.7804118889004683
1,0,2,1,1,0,1,0.7804118889004683
1,0,2,1,1,0,1,0.7804118889004683
1,0,2,1,1,0,1,0.7804118889004683
1,0,2,1,1,0,1,0.7804118889004683
1,0,2,1,1,0,1,0.7804118889004683
1,0,2,1,1,0,1,0.7804118889004683
1,0,2,1,1,0,1,0.7804118889004683
1,0,2,1,1,0,1,0.7804118889004683
1,0,2,1,1,0,1,0.7804118889004683
1,0,2,1,1,0,1,0.7804118889004683
1,0,2,1,1,0,1,0.7804118889004683
1,0,2,1,1,0,1,0.7804118889004683
1,0,2,1,1,0,1,0.7804118889004683
1,0,2,1,1,0,1,0.7804118889004683
1,0,2,1,1,0,1,0.7804118889004683
1,0,2,1,1,0,1,0.7804118889004683
1,0,2,1,1,0,1,0.7804118889004683
1,0,2,1,1,0,1,0.7804118889004683
1,0,2,1,1,0,1,0.7804118889004683
1,0,2,1,1,0,1,0.7804118889004683
1,0,2,1,1,0,1,0.7804118889004683
1,0,2,1,1,0,1,0.7804118889004683
1,0,2,1,1,0,1,0.7804118889004683
1,0,2,1,1,0,1,0.7804118889004683
1,0,2,1,1,0,1,0.7804118889004683
1,0,2,1,1,0,1,0.7804118889004683
1,0,2,1,1,0,1,0.7804118889004683
1,0,2,1,1,0,1,0.7804118889004683
1,0,2,1,1,0,1,0.7804118889004683
1,0,2,1,1,0,1,0.7804118889004683
1,0,2,1,1,0,1,0.7804118889004683
1,0,2,1,1,0,1,0.7804118889004683
1,0,2,1,1,0,1,0.7804118889004683
1,0,2,1,1,0,1,0.7804118889004683
1,0,2,1,1,0,1,0.7804118889004683
1,0,2,1,1,0,1,0.7804118889004683
1,0,2,1,1,0,1,0.7804118889004683
1,0,2,1,1,0,1,0.7804118889004683
1,0,2,1,1,0,1,0.7804118889004683
1,0,2,1,1,0,1,0.7804118889004683
1,0,2,1,1,0,1,0.7804118889004683
1,0,2,1,1,0,1,0.7804118889004683
1,0,2,1,1,0,1,0.7804118889004683
1,0,2,1,1,0,1,0.7804118889004683
1,0,2,1,1,0,1,0.7804118889004683
1,0,2,1,1,0,1,0.7804118889004683
1,0,2,1,1,0,1,0.7804118889004683
1,0,2,1,1,0,1,0.7804118889004683
1,0,2,1,1,0,1,0.7804118889004683
1,0,2,1,1,0,1,0.7804118889004683
1,0,2,1,1,0,1,0.7804118889004683
1,0,2,1,1,0,1,0.7804118889004683
1,0,2,1,1,0,1,0.7804118889004683
1,0,2,1,1,0,1,0.7804118889004683
1,0,2,1,1,0,1,0.7804118889004683
1,0,2,1,1,0,1,0.7804118889004683
1,0,2,1,1,0,1,0.7804118889004683
1,0,2,1,1,0,1,0.7804118889004683
1,0,2,1,1,0,1,0.7804118889004683
1,0,2,1,1,0,1,0.7804118889004683
1,0,2,1,1,0,1,0.7804118889004683
1,0,2,1,1,0,1,0.7804118889004683
1,0,2,1,1,0,1,0.7804118889004683
1,0,2,1,1,0,1,0.7804118889004683
1,0,2,1,1,0,1,0.7804118889004683
1,0,2,1,1,0,1,0.7804118889004683
1,0,2,1,1,0,1,0.7804118889004683
1,0,2,1,1,0,1,0.7804118889004683
1,0,2,1,1,0,1,0.7804118889004683
1,0,2,1,1,0,1,0.7804118889004683
1,0,2,1,1,0,1,0.7804118889004683
1,0,2,1,1,0,1,0.7804118889004683
1,0,2,1,1,0,1,0.7804118889004683
1,0,2,1,1,0,1,0.7804118889004683
1,0,2,1,1,0,1,0.7804118889004683
1,0,2,1,1,0,1,0.7804118889004683
1,0,2,1,1,0,1,0.7804118889004683
1,0,2,1,1,0,1,0.7804118889004683
1,0,2,1,1,0,1,0.7804118889004683
1,0,2,1,1,0,1,0.7804118889004683
1,0,2,1,1,0,1,0.7804118889004683
1,0,2,1,1,0,1,0.7804118889004683
1,0,2,1,1,0,1,0.7804118889004683
1,0,2,1,1,0,1,0.7804118889004683
1,0,2,1,1,0,1,0.7804118889004683
1,0,2,1,1,0,1,0.7804118889004683
1,0,2,1,1,0,1,0.7804118889004683
1,0,2,1,1,0,1,0.7804118889004683
1,0,2,1,1,0,1,0.7804118889004683
1,0,2,1,1,0,1,0.7804118889004683
1,0,2,1,1,0,1,0.7804118889004683
1,0,2,1,1,0,1,0.7804118889004683
1,0,2,1,1,0,1,0.7804118889004683
1,0,2,1,1,1,1,0.5727934333221583
0,40,0,1,1,1,1,0.002900012289838605
0,39,0,1,1,1,1,0.002900012289838605
0,38,0,1,1,1,1,0.002900012289838605
0,37,0,1,1,1,1,0.002900012289838605
0,36,0,1,1,1,1,0.002900012289838605
0,35,0,1,1,1,1,0.002900012289838605
0,34,0,1,1,1,1,0.002900012289838605
0,33,0,1,1,1,1,0.002900012289838605
0,32,0,1,1,1,1,0.002900012289838605
0,31,0,1,1,1,1,0.002900012289838605
0,30,1,1,1,1,1,0.13022283512570887
0,29,1,1,1,1,1,0.13022283512570887
0,28,1,1,1,1,1,0.13022283512570887
0,27,1,1,1,1,1,0.13022283512570887
0,26,1,1,1,1,1,0.13022283512570887
0,25,1,1,1,1,1,0.13022283512570887
0,24,1,1,1,1,1,0.13022283512570887
0,23,1,1,1,1,1,0.13022283512570887
0,22,1,1,1,1,1,0.13022283512570887
0,21,1,1,1,1,1,0.13022283512570887
0,20,1,1,1,1,1,0.312112582034095
0,19,1,1,1,1,1,0.312112582034095
0,18,1,1,1,1,1,0.312112582034095
0,17,1,1,1,1,1,0.312112582034095
0,16,1,1,1,1,1,0.312112582034095
0,15,1,1,1,1,1,0.312112582034095
0,14,1,1,1,1,1,0.312112582034095
0,13,1,1,1,1,1,0.312112582034095
0,12,1,1,1,1,1,0.312112582034095
0,11,1,1,1,1,1,0.312112582034095
0,10,2,1,1,1,1,0.4940023289424811
0,9,2,1,1,1,1,0.4940023289424811
0,8,2,1,1,1,1,0.4940023289424811
0,7,2,1,1,1,1,0.4940023289424811
0,6,2,1,1,1,1,0.4940023289424811
0,5,2,1,1,1,1,0.4940023289424811
0,4,2,1,1,1,1,0.4940023289424811
0,3,2,1,1,1,1,0.4940023289424811
0,2,2,1,1,1,1,0.4940023289424811
0,1,2,1,1,1,1,0.4940023289424811
1,0,2,1,1,0,1,0.6766026611113133
0,40,0,1,1,0,1,0.21051846786814865
0,39,0,1,1,0,1,0.21051846786814865
0,38,0,1,1,0,1,0.21051846786814865
0,37,0,1,1,0,1,0.21051846786814865
0,36,0,1,1,0,1,0.21051846786814865
0,35,0,1,1,0,1,0.21051846786814865
0,34,0,1,1,0,1,0.21051846786814865
0,33,0,1,1,0,1,0.21051846786814865
0,32,0,1,1,0,1,0.21051846786814865
0,31,0,1,1,0,1,0.21051846786814865
0,30,1,1,1,0,1,0.3378412907040189
0,29,1,1,1,0,1,0.3378412907040189
0,28,1,1,1,0,1,0.3378412907040189
0,27,1,1,1,0,1,0.3378412907040189
0,26,1,1,1,0,1,0.3378412907040189
0,25,1,1,1,0,1,0.3378412907040189
0,24,1,1,1,0,1,0.3378412907040189
0,23,1,1,1,0,1,0.3378412907040189
0,22,1,1,1,0,1,0.3378412907040189
0,21,1,1,1,0,1,0.3378412907040189
0,20,1,1,1,0,1,0.519731037612405
0,19,1,1,1,0,1,0.519731037612405
0,18,1,1,1,0,1,0.519731037612405
0,17,1,1,1,0,1,0.519731037612405
0,16,1,1,1,0,1,0.519731037612405
0,15,1,1,1,0,1,0.519731037612405
0,14,1,1,1,0,1,0.519731037612405
0,13,1,1,1,0,1,0.519731037612405
0,12,1,1,1,0,1,0.519731037612405
0,11,1,1,1,0,1,0.519731037612405
0,10,2,1,1,0,1,0.7016207845207911
0,9,2,1,1,0,1,0.7016207845207911
0,8,2,1,1,0,1,0.7016207845207911
0,7,2,1,1,0,1,0.7016207845207911
0,6,2,1,1,0,1,0.7016207845207911
0,5,2,1,1,0,1,0.7016207845207911
0,4,2,1,1,0,1,0.7016207845207911
0,3,2,1,1,0,1,0.7016207845207911
0,2,2,1,1,0,1,0.7016207845207911
0,1,2,1,1,0,1,0.7016207845207911
1,0,2,1,1,0,1,0.7804118889004683
0,40,0,1,1,0,1,0.4181369234464588
0,39,0,1,1,0,1,0.4181369234464588
0,38,0,1,1,0,1,0.4181369234464588
0,37,0,1,1,0,1,0.4181369234464588
0,36,0,1,1,0,1,0.4181369234464588
0,35,0,1,1,0,1,0.4181369234464588
0,34,0,1,1,0,1,0.4181369234464588
0,33,0,1,1,0,1,0.4181369234464588
0,32,0,1,1,0,1,0.4181369234464588
0,31,0,1,1,0,1,0.4181369234464588
0,30,1,1,1,0,1,0.5454597462823291
0,29,1,1,1,0,1,0.5454597462823291
0,28,1,1,1,0,1,0.5454597462823291
0,27,1,1,1,0,1,0.5454597462823291
0,26,1,1,1,0,1,0.5454597462823291
0,25,1,1,1,0,1,0.5454597462823291
0,24,1,1,1,0,1,0.5454597462823291
0,23,1,1,1,0,1,0.5454597462823291
0,22,1,1,1,0,1,0.5454597462823291
0,21,1,1,1,0,1,0.5454597462823291
0,20,1,1,1,0,1,0.7273494931907152
0,19,1,1,1,0,1,0.7273494931907152
0,18,1,1,1,0,1,0.7273494931907152
0,17,1,1,1,0,1,0.7273494931907152
0,16,1,1,1,0,1,0.7273494931907152
0,15,1,1,1,0,1,0.7273494931907152
0,14,1,1,1,0,1,0.7273494931907152
0,13,1,1,1,0,1,0.7273494931907152
0,12,1,1,1,0,1,0.7273494931907152
0,11,1,1,1,0,1,0.7273494931907152
0,10,2,1,1,0,1,0.9092392400991012
0,9,2,1,1,0,1,0.9092392400991012
0,8,2,1,1,0,1,0.9092392400991012
0,7,2,1,1,0,1,0.9092392400991012
0,6,2,1,1,0,1,0.9092392400991012
0,5,2,1,1,0,1,0.9092392400991012
0,4,2,1,1,0,1,0.9092392400991012
0,3,2,1,1,0,1,0.9092392400991012
0,2,2,1,1,0,1,0.9092392400991012
0,1,2,1,1,0,1,0.9092392400991012
1,0,2,1,1,0,1,0.7974295313818868
1,0,2,1,1,0,1,0.7974295313818868
1,0,2,1,1,0,1,0.7974295313818868
1,0,2,1,1,0,1,0.7974295313818868
1,0,2,1,1,0,1,0.7974295313818868
1,0,2,1,1,0,1,0.7974295313818868
1,0,2,1,1,0,1,0.7974295313818868
1,0,2,1,1,0,1,0.7974295313818868
1,0,2,1,1,0,1,0.7974295313818868
1,0,2,1,1,0,1,0.7974295313818868
1,0,2,1,1,1,1,0.5898110758035767
0,40,0,1,1,1,1,0.036935297252675636
0,39,0,1,1,1,1,0.036935297252675636
0,38,0,1,1,1,1,0.036935297252675636
0,37,0,1,1,1,1,0.036935297252675636
0,36,0,1,1,1,1,0.036935297252675636
0,35,0,1,1,1,1,0.036935297252675636
0,34,0,1,1,1,1,0.036935297252675636
0,33,0,1,1,1,1,0.036935297252675636
0,32,0,1,1,1,1,0.036935297252675636
0,31,0,1,1,1,1,0.036935297252675636
0,30,1,1,1,1,1,0.16425812008854596
0,29,1,1,1,1,1,0.16425812008854596
0,28,1,1,1,1,1,0.16425812008854596
0,27,1,1,1,1,1,0.16425812008854596
0,26,1,1,1,1,1,0.16425812008854596
0,25,1,1,1,1,1,0.16425812008854596
0,24,1,1,1,1,1,0.16425812008854596
0,23,1,1,1,1,1,0.16425812008854596
0,22,1,1,1,1,1,0.16425812008854596
0,21,1,1,1,1,1,0.16425812008854596
0,20,1,1,1,1,1,0.346147866996932
0,19,1,1,1,1,1,0.346147866996932
0,18,1,1,1,1,1,0.346147866996932
0,17,1,1,1,1,1,0.346147866996932
0,16,1,1,1,1,1,0.346147866996932
0,15,1,1,1,1,1,0.346147866996932
0,14,1,1,1,1,1,0.346147866996932
0,13,1,1,1,1,1,0.346147866996932
0,12,1,1,1,1,1,0.346147866996932
0,11,1,1,1,1,1,0.346147866996932
0,10,2,1,1,1,1,0.5280376139053181
0,9,2,1,1,1,1,0.5280376139053181
0,8,2,1,1,1,1,0.5280376139053181
0,7,2,1,1,1,1,0.5280376139053181
0,6,2,1,1,1,1,0.5280376139053181
0,5,2,1,1,1,1,0.5280376139053181
0,4,2,1,1,1,1,0.5280376139053181
0,3,2,1,1,1,1,0.5280376139053181
0,2,2,1,1,1,1,0.5280376139053181
0,1,2,1,1,1,1,0.5280376139053181
1,0,2,1,1,0,1,0.6936203035927317
0,40,0,1,1,0,1,0.24455375283098574
0,39,0,1,1,0,1,0.24455375283098574
0,38,0,1,1,0,1,0.24455375283098574
0,37,0,1,1,0,1,0.24455375283098574
0,36,0,1,1,0,1,0.24455375283098574
0,35,0,1,1,0,1,0.24455375283098574
0,34,0,1,1,0,1,0.24455375283098574
0,33,0,1,1,0,1,0.24455375283098574
0,32,0,1,1,0,1,0.24455375283098574
0,31,0,1,1,0,1,0.24455375283098574
0,30,1,1,1,0,1,0.37187657566685595
0,29,1,1,1,0,1,0.37187657566685595
0,28,1,1,1,0,1,0.37187657566685595
0,27,1,1,1,0,1,0.37187657566685595
0,26,1,1,1,0,1,0.37187657566685595
0,25,1,1,1,0,1,0.37187657566685595
0,24,1,1,1,0,1,0.37187657566685595
0,23,1,1,1,0,1,0.37187657566685595
0,22,1,1,1,0,1,0.37187657566685595
0,21,1,1,1,0,1,0.37187657566685595
0,20,1,1,1,0,1,0.553766322575242
0,19,1,1,1,0,1,0.553766322575242
0,18,1,1,1,0,1,0.553766322575242
0,17,1,1,1,0,1,0.553766322575242
0,16,1,1,1,0,1,0.553766322575242
0,15,1,1,1,0,1,0.553766322575242
0,14,1,1,1,0,1,0.553766322575242
0,13,1,1,1,0,1,0.553766322575242
0,12,1,1,1,0,1,0.553766322575242
0,11,1,1,1,0,1,0.553766322575242
0,10,2,1,1,0,1,0.7356560694836282
0,9,2,1,1,0,1,0.7356560694836282
0,8,2,1,1,0,1,0.7356560694836282
0,7,2,1,1,0,1,0.7356560694836282
0,6,2,1,1,0,1,0.7356560694836282
0,5,2,1,1,0,1,0.7356560694836282
0,4,2,1,1,0,1,0.7356560694836282
0,3,2,1,1,0,1,0.7356560694836282
0,2,2,1,1,0,1,0.7356560694836282
0,1,2,1,1,0,1,0.7356560694836282
1,0,2,1,1,0,1,0.7974295313818868
0,40,0,1,1,0,1,0.45217220840929584
0,39,0,1,1,0,1,0.45217220840929584
0,38,0,1,1,0,1,0.45217220840929584
0,37,0,1,1,0,1,0.45217220840929584
0,36,0,1,1,0,1,0.45217220840929584
0,35,0,1,1,0,1,0.45217220840929584
0,34,0,1,1,0,1,0.45217220840929584
0,33,0,1,1,0,1,0.45217220840929584
0,32,0,1,1,0,1,0.45217220840929584
0,31,0,1,1,0,1,0.45217220840929584
0,30,1,1,1,0,1,0.5794950312451661
0,29,1,1,1,0,1,0.5794950312451661
0,28,1,1,1,0,1,0.5794950312451661
0,27,1,1,1,0,1,0.5794950312451661
0,26,1,1,1,0,1,0.5794950312451661
0,25,1,1,1,0,1,0.5794950312451661
0,24,1,1,1,0,1,0.5794950312451661
0,23,1,1,1,0,1,0.5794950312451661
0,22,1,1,1,0,1,0.5794950312451661
0,21,1,1,1,0,1,0.5794950312451661
0,20,1,1,1,0,1,0.7613847781535522
0,19,1,1,1,0,1,0.7613847781535522
0,18,1,1,1,0,1,0.7613847781535522
0,17,1,1,1,0,1,0.7613847781535522
0,16,1,1,1,0,1,0.7613847781535522
0,15,1,1,1,0,1,0.7613847781535522
0,14,1,1,1,0,1,0.7613847781535522
0,13,1,1,1,0,1,0.7613847781535522
0,12,1,1,1,0,1,0.7613847781535522
0,11,1,1,1,0,1,0.7613847781535522
0,10,2,1,1,0,1,0.9432745250619383
0,9,2,1,1,0,1,0.9432745250619383
0,8,2,1,1,0,1,0.9432745250619383
0,7,2,1,1,0,1,0.9432745250619383
0,6,2,1,1,0,1,0.9432745250619383
0,5,2,1,1,0,1,0.9432745250619383
0,4,2,1,1,0,1,0.9432745250619383
0,3,2,1,1,0,1,0.9432745250619383
0,2,2,1,1,0,1,0.9432745250619383
0,1,2,1,1,0,1,0.9432745250619383
1,0,2,1,1,0,1,0.8144471738633053
1,0,2,1,1,0,1,0.8144471738633053
1,0,2,1,1,0,1,0.8144471738633053
1,0,2,1,1,0,1,0.8144471738633053
1,0,2,1,1,0,1,0.8144471738633053
1,0,2,1,1,0,1,0.8144471738633053
1,0,2,1,1,0,1,0.8144471738633053
1,0,2,1,1,0,1,0.8144471738633053
1,0,2,1,1,0,1,0.8144471738633053
1,0,2,1,1,0,1,0.8144471738633053
1,0,2,1,1,1,1,0.6068287182849953
0,40,0,1,1,1,1,0.07097058221551267
0,39,0,1,1,1,1,0.07097058221551267
0,38,0,1,1,1,1,0.07097058221551267
0,37,0,1,1,1,1,0.07097058221551267
0,36,0,1,1,1,1,0.07097058221551267
0,35,0,1,1,1,1,0.07097058221551267
0,34,0,1,1,1,1,0.07097058221551267
0,33,0,1,1,1,1,0.07097058221551267
0,32,0,1,1,1,1,0.07097058221551267
0,31,0,1,1,1,1,0.07097058221551267
0,30,1,1,1,1,1,0.198293405051383
0,29,1,1,1,1,1,0.198293405051383
0,28,1,1,1,1,1,0.198293405051383
0,27,1,1,1,1,1,0.198293405051383
0,26,1,1,1,1,1,0.198293405051383
0,25,1,1,1,1,1,0.198293405051383
0,24,1,1,1,1,1,0.198293405051383
0,23,1,1,1,1,1,0.198293405051383
0,22,1,1,1,1,1,0.198293405051383
0,21,1,1,1,1,1,0.198293405051383
0,20,1,1,1,1,1,0.3801831519597691
0,19,1,1,1,1,1,0.3801831519597691
0,18,1,1,1,1,1,0.3801831519597691
0,17,1,1,1,1,1,0.3801831519597691
0,16,1,1,1,1,1,0.3801831519597691
0,15,1,1,1,1,1,0.3801831519597691
0,14,1,1,1,1,1,0.3801831519597691
0,13,1,1,1,1,1,0.3801831519597691
0,12,1,1,1,1,1,0.3801831519597691
0,11,1,1,1,1,1,0.3801831519597691
0,10,2,1,1,1,1,0.5620728988681551
0,9,2,1,1,1,1,0.5620728988681551
0,8,2,1,1,1,1,0.5620728988681551
0,7,2,1,1,1,1,0.5620728988681551
0,6,2,1,1,1,1,0.5620728988681551
0,5,2,1,1,1,1,0.5620728988681551
0,4,2,1,1,1,1,0.5620728988681551
0,3,2,1,1,1,1,0.5620728988681551
0,2,2,1,1,1,1,0.5620728988681551
0,1,2,1,1,1,1,0.5620728988681551
1,0,2,1,1,0,1,0.7106379460741503
0,40,0,1,1,0,1,0.27858903779382277
0,39,0,1,1,0,1,0.27858903779382277
0,38,0,1,1,0,1,0.27858903779382277
0,37,0,1,1,0,1,0.27858903779382277
0,36,0,1,1,0,1,0.27858903779382277
0,35,0,1,1,0,1,0.27858903779382277
0,34,0,1,1,0,1,0.27858903779382277
0,33,0,1,1,0,1,0.27858903779382277
0,32,0,1,1,0,1,0.27858903779382277
0,31,0,1,1,0,1,0.27858903779382277
0,30,1,1,1,0,1,0.40591186062969303
0,29,1,1,1,0,1,0.40591186062969303
0,28,1,1,1,0,1,0.40591186062969303
0,27,1,1,1,0,1,0.40591186062969303
0,26,1,1,1,0,1,0.40591186062969303
0,25,1,1,1,0,1,0.40591186062969303
0,24,1,1,1,0,1,0.40591186062969303
0,23,1,1,1,0,1,0.40591186062969303
0,22,1,1,1,0,1,0.40591186062969303
0,21,1,1,1,0,1,0.40591186062969303
0,20,1,1,1,0,1,0.5878016075380791
0,19,1,1,1,0,1,0.5878016075380791
0,18,1,1,1,0,1,0.5878016075380791
0,17,1,1,1,0,1,0.5878016075380791
0,16,1,1,1,0,1,0.5878016075380791
0,15,1,1,1,0,1,0.5878016075380791
0,14,1,1,1,0,1,0.5878016075380791
0,13,1,1,1,0,1,0.5878016075380791
0,12,1,1,1,0,1,0.5878016075380791
0,11,1,1,1,0,1,0.5878016075380791
0,10,2,1,1,0,1,0.7696913544464652
0,9,2,1,1,0,1,0.7696913544464652
0,8,2,1,1,0,1,0.7696913544464652
0,7,2,1,1,0,1,0.7696913544464652
0,6,2,1,1,0,1,0.7696913544464652
0,5,2,1,1,0,1,0.7696913544464652
0,4,2,1,1,0,1,0.7696913544464652
0,3,2,1,1,0,1,0.7696913544464652
0,2,2,1,1,0,1,0.7696913544464652
0,1,2,1,1,0,1,0.7696913544464652
1,0,2,1,1,0,1,0.8144471738633053
0,40,0,1,1,0,1,0.48620749337213287
0,39,0,1,1,0,1,0.48620749337213287
0,38,0,1,1,0,1,0.48620749337213287
0,37,0,1,1,0,1,0.48620749337213287
0,36,0,1,1,0,1,0.48620749337213287
0,35,0,1,1,0,1,0.48620749337213287
0,34,0,1,1,0,1,0.48620749337213287
0,33,0,1,1,0,1,0.48620749337213287
0,32,0,1,1,0,1,0.48620749337213287
0,31,0,1,1,0,1,0.48620749337213287
0,30,1,1,1,0,1,0.6135303162080031
0,29,1,1,1,0,1,0.6135303162080031
0,28,1,1,1,0,1,0.6135303162080031
0,27,1,1,1,0,1,0.6135303162080031
0,26,1,1,1,0,1,0.6135303162080031
0,25,1,1,1,0,1,0.6135303162080031
0,24,1,1,1,0,1,0.6135303162080031
0,23,1,1,1,0,1,0.6135303162080031
0,22,1,1,1,0,1,0.6135303162080031
0,21,1,1,1,0,1,0.6135303162080031
0,20,1,1,1,0,1,0.7954200631163892
0,19,1,1,1,0,1,0.7954200631163892
0,18,1,1,1,0,1,0.7954200631163892
0,17,1,1,1,0,1,0.7954200631163892
0,16,1,1,1,0,1,0.7954200631163892
0,15,1,1,1,0,1,0.7954200631163892
0,14,1,1,1,0,1,0.7954200631163892
0,13,1,1,1,0,1,0.7954200631163892
0,12,1,1,1,0,1,0.7954200631163892
0,11,1,1,1,0,1,0.7954200631163892
0,10,2,1,1,0,1,0.9773098100247753
0,9,2,1,1,0,1,0.9773098100247753
0,8,2,1,1,0,1,0.9773098100247753
0,7,2,1,1,0,1,0.9773098100247753
0,6,2,1,1,0,1,0.9773098100247753
0,5,2,1,1,0,1,0.9773098100247753
0,4,2,1,1,0,1,0.9773098100247753
0,3,2,1,1,0,1,0.9773098100247753
0,2,2,1,1,0,1,0.9773098100247753
0,1,2,1,1,0,1,0.9773098100247753
1,0,2,1,1,0,1,0.8257922688509176
1,0,2,1,1,0,1,0.8257922688509176
1,0,2,1,1,0,1,0.8257922688509176
1,0,2,1,1,0,1,0.8257922688509176
1,0,2,1,1,0,1,0.8257922688509176
1,0,2,1,1,0,1,0.8257922688509176
1,0,2,1,1,0,1,0.8257922688509176
1,0,2,1,1,0,1,0.8257922688509176
1,0,2,1,1,0,1,0.8257922688509176
1,0,2,1,1,0,1,0.8257922688509176
1,0,2,1,1,1,1,0.6181738132726076
0,40,0,1,1,1,1,0.09366077219073743
0,39,0,1,1,1,1,0.09366077219073743
0,38,0,1,1,1,1,0.09366077219073743
0,37,0,1,1,1,1,0.09366077219073743
0,36,0,1,1,1,1,0.09366077219073743
0,35,0,1,1,1,1,0.09366077219073743
0,34,0,1,1,1,1,0.09366077219073743
0,33,0,1,1,1,1,0.09366077219073743
0,32,0,1,1,1,1,0.09366077219073743
0,31,0,1,1,1,1,0.09366077219073743
0,30,1,1,1,1,1,0.22098359502660764
0,29,1,1,1,1,1,0.22098359502660764
0,28,1,1,1,1,1,0.22098359502660764
0,27,1,1,1,1,1,0.22098359502660764
0,26,1,1,1,1,1,0.22098359502660764
0,25,1,1,1,1,1,0.22098359502660764
0,24,1,1,1,1,1,0.22098359502660764
0,23,1,1,1,1,1,0.22098359502660764
0,22,1,1,1,1,1,0.22098359502660764
0,21,1,1,1,1,1,0.22098359502660764
0,20,1,1,1,1,1,0.4028733419349938
0,19,1,1,1,1,1,0.4028733419349938
0,18,1,1,1,1,1,0.4028733419349938
0,17,1,1,1,1,1,0.4028733419349938
0,16,1,1,1,1,1,0.4028733419349938
0,15,1,1,1,1,1,0.4028733419349938
0,14,1,1,1,1,1,0.4028733419349938
0,13,1,1,1,1,1,0.4028733419349938
0,12,1,1,1,1,1,0.4028733419349938
0,11,1,1,1,1,1,0.4028733419349938
0,10,2,1,1,1,1,0.5847630888433799
0,9,2,1,1,1,1,0.5847630888433799
0,8,2,1,1,1,1,0.5847630888433799
0,7,2,1,1,1,1,0.5847630888433799
0,6,2,1,1,1,1,0.5847630888433799
0,5,2,1,1,1,1,0.5847630888433799
0,4,2,1,1,1,1,0.5847630888433799
0,3,2,1,1,1,1,0.5847630888433799
0,2,2,1,1,1,1,0.5847630888433799
0,1,2,1,1,1,1,0.5847630888433799
1,0,2,1,1,0,1,0.7219830410617626
0,40,0,1,1,0,1,0.3012792277690475
0,39,0,1,1,0,1,0.3012792277690475
0,38,0,1,1,0,1,0.3012792277690475
0,37,0,1,1,0,1,0.3012792277690475
0,36,0,1,1,0,1,0.3012792277690475
0,35,0,1,1,0,1,0.3012792277690475
0,34,0,1,1,0,1,0.3012792277690475
0,33,0,1,1,0,1,0.3012792277690475
0,32,0,1,1,0,1,0.3012792277690475
0,31,0,1,1,0,1,0.3012792277690475
0,30,1,1,1,0,1,0.42860205060491774
0,29,1,1,1,0,1,0.42860205060491774
0,28,1,1,1,0,1,0.42860205060491774
0,27,1,1,1,0,1,0.42860205060491774
0,26,1,1,1,0,1,0.42860205060491774
0,25,1,1,1,0,1,0.42860205060491774
0,24,1,1,1,0,1,0.42860205060491774
0,23,1,1,1,0,1,0.42860205060491774
0,22,1,1,1,0,1,0.42860205060491774
0,21,1,1,1,0,1,0.42860205060491774
0,20,1,1,1,0,1,0.6104917975133038
0,19,1,1,1,0,1,0.6104917975133038
0,18,1,1,1,0,1,0.6104917975133038
0,17,1,1,1,0,1,0.6104917975133038
0,16,1,1,1,0,1,0.6104917975133038
0,15,1,1,1,0,1,0.6104917975133038
0,14,1,1,1,0,1,0.6104917975133038
0,13,1,1,1,0,1,0.6104917975133038
0,12,1,1,1,0,1,0.6104917975133038
0,11,1,1,1,0,1,0.6104917975133038
0,10,2,1,1,0,1,0.79238154442169
0,9,2,1,1,0,1,0.79238154442169
0,8,2,1,1,0,1,0.79238154442169
0,7,2,1,1,0,1,0.79238154442169
0,6,2,1,1,0,1,0.79238154442169
0,5,2,1,1,0,1,0.79238154442169
0,4,2,1,1,0,1,0.79238154442169
0,3,2,1,1,0,1,0.79238154442169
0,2,2,1,1,0,1,0.79238154442169
0,1,2,1,1,0,1,0.79238154442169
1,0,2,1,1,0,1,0.8257922688509176
0,40,0,1,1,0,1,0.5088976833473575
0,39,0,1,1,0,1,0.5088976833473575
0,38,0,1,1,0,1,0.5088976833473575
0,37,0,1,1,0,1,0.5088976833473575
0,36,0,1,1,0,1,0.5088976833473575
0,35,0,1,1,0,1,0.5088976833473575
0,34,0,1,1,0,1,0.5088976833473575
0,33,0,1,1,0,1,0.5088976833473575
0,32,0,1,1,0,1,0.5088976833473575
0,31,0,1,1,0,1,0.5088976833473575
0,30,1,1,1,0,1,0.6362205061832278
0,29,1,1,1,0,1,0.6362205061832278
0,28,1,1,1,0,1,0.6362205061832278
0,27,1,1,1,0,1,0.6362205061832278
0,26,1,1,1,0,1,0.6362205061832278
0,25,1,1,1,0,1,0.6362205061832278
0,24,1,1,1,0,1,0.6362205061832278
0,23,1,1,1,0,1,0.6362205061832278
0,22,1,1,1,0,1,0.6362205061832278
0,21,1,1,1,0,1,0.6362205061832278
0,20,1,1,1,0,1,0.818110253091614
0,19,1,1,1,0,1,0.818110253091614
0,18,1,1,1,0,1,0.818110253091614
0,17,1,1,1,0,1,0.818110253091614
0,16,1,1,1,0,1,0.818110253091614
0,15,1,1,1,0,1,0.818110253091614
0,14,1,1,1,0,1,0.818110253091614
0,13,1,1,1,0,1,0.818110253091614
0,12,1,1,1,0,1,0.818110253091614
0,11,1,1,1,0,1,0.818110253091614
0,10,2,1,1,0,1,1.0
0,9,2,1,1,0,1,1.0
0,8,2,1,1,0,1,1.0
0,7,2,1,1,0,1,1.0
0,6,2,1,1,0,1,1.0
0,5,2,1,1,0,1,1.0
0,4,2,1,1,0,1,1.0
0,3,2,1,1,0,1,1.0
0,2,2,1,1,0,1,1.0
0,1,2,1,1,0,1,1.0
1,0,2,1,1,0,1,0.8255381440626328
1,0,2,1,1,0,1,0.8255381440626328
1,0,2,1,1,0,1,0.8255381440626328
1,0,2,1,1,0,1,0.8255381440626328
1,0,2,1,1,0,1,0.8255381440626328
1,0,2,1,1,0,1,0.8255381440626328
1,0,2,1,1,0,1,0.8255381440626328
1,0,2,1,1,0,1,0.8255381440626328
1,0,2,1,1,0,1,0.8255381440626328
1,0,2,1,1,0,1,0.8255381440626328
1,0,2,1,1,0,1,0.8255381440626328
1,0,2,1,1,0,1,0.8255381440626328
1,0,2,1,1,0,1,0.8255381440626328
1,0,2,1,1,0,1,0.8255381440626328
1,0,2,1,1,0,1,0.8255381440626328
1,0,2,1,1,0,1,0.8255381440626328
1,0,2,1,1,0,1,0.8255381440626328
1,0,2,1,1,0,1,0.8255381440626328
1,0,2,1,1,0,1,0.8255381440626328
1,0,2,1,1,0,1,0.8255381440626328
1,0,2,1,1,0,1,0.8255381440626328
1,0,2,1,1,0,1,0.8255381440626328
1,0,2,1,1,0,1,0.8255381440626328
1,0,2,1,1,0,1,0.8255381440626328
1,0,2,1,1,0,1,0.8255381440626328
1,0,2,1,1,0,1,0.8255381440626328
1,0,2,1,1,0,1,0.8255381440626328
1,0,2,1,1,0,1,0.8255381440626328
1,0,2,1,1,0,1,0.8255381440626328
1,0,2,1,1,0,1,0.8255381440626328
1,0,2,1,1,0,1,0.8255381440626328
1,0,2,1,1,0,1,0.8255381440626328
1,0,2,1,1,0,1,0.8255381440626328
1,0,2,1,1,0,1,0.8255381440626328
1,0,2,1,1,0,1,0.8255381440626328
1,0,2,1,1,0,1,0.8255381440626328
1,0,2,1,1,0,1,0.8255381440626328
1,0,2,1,1,0,1,0.8255381440626328
1,0,2,1,1,0,1,0.8255381440626328
1,0,2,1,1,0,1,0.8255381440626328
1,0,2,1,1,0,1,0.8255381440626328
1,0,2,1,1,0,1,0.8255381440626328
1,0,2,1,1,0,1,0.8255381440626328
1,0,2,1,1,0,1,0.8255381440626328
1,0,2,1,1,0,1,0.8255381440626328
1,0,2,1,1,0,1,0.8255381440626328
1,0,2,1,1,0,1,0.8255381440626328
1,0,2,1,1,0,1,0.8255381440626328
1,0,2,1,1,0,1,0.8255381440626328
1,0,2,1,1,0,1,0.8255381440626328
1,0,2,1,1,0,1,0.8255381440626328
1,0,2,1,1,0,1,0.8255381440626328
1,0,2,1,1,0,1,0.8255381440626328
1,0,2,1,1,0,1,0.8255381440626328
1,0,2,1,1,0,1,0.8255381440626328
1,0,2,1,1,0,1,0.8255381440626328
1,0,2,1,1,0,1,0.8255381440626328
1,0,2,1,1,0,1,0.8255381440626328
1,0,2,1,1,0,1,0.8255381440626328
1,0,2,1,1,0,1,0.8255381440626328
1,0,2,1,1,0,1,0.8255381440626328
1,0,2,1,1,0,1,0.8255381440626328
1,0,2,1,1,0,1,0.8255381440626328
1,0,2,1,1,0,1,0.8255381440626328
1,0,2,1,1,0,1,0.8255381440626328
1,0,2,1,1,0,1,0.8255381440626328
1,0,2,1,1,0,1,0.8255381440626328
1,0,2,1,1,0,1,0.8255381440626328
1,0,2,1,1,0,1,0.8255381440626328
1,0,2,1,1,0,1,0.8255381440626328
1,0,2,1,1,0,1,0.8255381440626328
1,0,2,1,1,0,1,0.8255381440626328
1,0,2,1,1,0,1,0.8255381440626328
1,0,2,1,1,0,1,0.8255381440626328
1,0,2,1,1,0,1,0.8255381440626328
1,0,2,1,1,0,1,0.8255381440626328
1,0,2,1,1,0,1,0.8255381440626328
1,0,2,1,1,0,1,0.8255381440626328
1,0,2,1,1,0,1,0.8255381440626328
1,0,2,1,1,0,1,0.8255381440626328
1,0,2,1,1,0,1,0.8255381440626328
1,0,2,1,1,0,1,0.8255381440626328
1,0,2,1,1,0,1,0.8255381440626328
1,0,2,1,1,0,1,0.8255381440626328
1,0,2,1,1,0,1,0.8255381440626328
1,0,2,1,1,0,1,0.8255381440626328
1,0,2,1,1,0,1,0.8255381440626328
1,0,2,1,1,0,1,0.8255381440626328
1,0,2,1,1,0,1,0.8255381440626328
1,0,2,1,1,0,1,0.8255381440626328
1,0,2,1,1,0,1,0.8255381440626328
1,0,2,1,1,0,1,0.8255381440626328
1,0,2,1,1,0,1,0.8255381440626328
1,0,2,1,1,0,1,0.8255381440626328
1,0,2,1,1,0,1,0.8255381440626328
1,0,2,1,1,0,1,0.8255381440626328
1,0,2,1,1,0,1,0.8255381440626328
1,0,2,1,1,0,1,0.8255381440626328
1,0,2,1,1,0,1,0.8255381440626328
1,0,2,1,1,0,1,0.8255381440626328
1,0,2,1,1,0,1,0.8255381440626328
1,0,2,1,1,0,1,0.8255381440626328
1,0,2,1,1,0,1,0.8255381440626328
1,0,2,1,1,0,1,0.8255381440626328
1,0,2,1,1,0,1,0.8255381440626328
1,0,2,1,1,0,1,0.8255381440626328
1,0,2,1,1,0,1,0.8255381440626328
1,0,2,1,1,0,1,0.8255381440626328
1,0,2,1,1,0,1,0.8255381440626328
1,0,2,1,1,0,1,0.8255381440626328
1,0,2,1,1,0,1,0.8255381440626328
1,0,2,1,1,0,1,0.8255381440626328
1,0,2,1,1,0,1,0.8255381440626328
1,0,2,1,1,0,1,0.8255381440626328
1,0,2,1,1,0,1,0.8255381440626328
1,0,2,1,1,0,1,0.8255381440626328
1,0,2,1,1,0,1,0.8255381440626328
1,0,2,1,1,0,1,0.8255381440626328
1,0,2,1,1,0,1,0.8255381440626328
1,0,2,1,1,0,1,0.8255381440626328
1,0,2,1,1,0,1,0.8255381440626328
1,0,2,1,1,0,1,0.8255381440626328
1,0,2,1,1,0,1,0.8255381440626328
1,0,2,1,1,0,1,0.8255381440626328
1,0,2,1,1,0,1,0.8255381440626328
1,0,2,1,1,0,1,0.8255381440626328
1,0,2,1,1,0,1,0.8255381440626328
1,0,2,1,1,0,1,0.8255381440626328
1,0,2,1,1,0,1,0.8255381440626328
1,0,2,1,1,0,1,0.8255381440626328
1,0,2,1,1,0,1,0.8255381440626328
1,0,2,1,1,0,1,0.8255381440626328
1,0,2,1,1,0,1,0.8255381440626328
1,0,2,1,1,0,1,0.8255381440626328
1,0,2,1,1,0,1,0.8255381440626328
1,0,2,1,1,0,1,0.8255381440626328
1,0,2,1,1,0,1,0.8255381440626328
1,0,2,1,1,0,1,0.8255381440626328
1,0,2,1,1,0,1,0.8255381440626328
1,0,2,1,1,0,1,0.8255381440626328
1,0,2,1,1,0,1,0.8255381440626328
1,0,2,1,1,0,1,0.8255381440626328
1,0,2,1,1,0,1,0.8255381440626328
1,0,2,1,1,0,1,0.8255381440626328
1,0,2,1,1,0,1,0.8255381440626328
1,0,2,1,1,0,1,0.8255381440626328
1,0,2,1,1,0,1,0.8255381440626328
1,0,2,1,1,0,1,0.8255381440626328
1,0,2,1,1,0,1,0.8255381440626328
1,0,2,1,1,0,1,0.8255381440626328
1,0,2,1,1,0,1,0.8255381440626328
1,0,2,1,1,0,1,0.8255381440626328
1,0,2,1,1,0,1,0.8255381440626328
1,0,2,1,1,0,1,0.8255381440626328
1,0,2,1,1,0,1,0.8255381440626328
1,0,2,1,1,0,1,0.8255381440626328
1,0,2,1,1,0,1,0.8255381440626328
1,0,2,1,1,0,1,0.8255381440626328
1,0,2,1,1,0,1,0.8255381440626328
1,0,2,1,1,0,1,0.8255381440626328
1,0,2,1,1,0,1,0.8255381440626328
1,0,2,1,1,0,1,0.8255381440626328
1,0,2,1,1,0,1,0.8255381440626328
1,0,2,1,1,0,1,0.8255381440626328
1,0,2,1,1,0,1,0.8255381440626328
1,0,2,1,1,0,1,0.8255381440626328
1,0,2,1,1,0,1,0.8255381440626328
1,0,2,1,1,0,1,0.8255381440626328
1,0,2,1,1,0,1,0.8255381440626328
1,0,2,1,1,0,1,0.8255381440626328
1,0,2,1,1,0,1,0.8255381440626328
1,0,2,1,1,0,1,0.8255381440626328
1,0,2,1,1,0,1,0.8255381440626328
1,0,2,1,1,0,1,0.8255381440626328
1,0,2,1,1,0,1,0.8255381440626328
1,0,2,1,1,0,1,0.8255381440626328
1,0,2,1,1,0,1,0.8255381440626328
1,0,2,1,1,0,1,0.8255381440626328
1,0,2,1,1,0,1,0.8255381440626328
1,0,2,1,1,0,1,0.8255381440626328
1,0,2,1,1,0,1,0.8255381440626328
1,0,2,1,1,0,1,0.8255381440626328
1,0,2,1,1,0,1,0.8255381440626328
1,0,2,1,1,0,1,0.8255381440626328
1,0,2,1,1,0,1,0.8255381440626328
1,0,2,1,1,0,1,0.8255381440626328
1,0,2,1,1,0,1,0.8255381440626328
1,0,2,1,1,0,1,0.8255381440626328
1,0,2,1,1,0,1,0.8255381440626328
1,0,2,1,1,0,1,0.8255381440626328
1,0,2,1,1,0,1,0.8255381440626328
1,0,2,1,1,0,1,0.8255381440626328
1,0,2,1,1,0,1,0.8255381440626328
1,0,2,1,1,0,1,0.8255381440626328
1,0,2,1,1,0,1,0.8255381440626328
1,0,2,1,1,0,1,0.8255381440626328
1,0,2,1,1,0,1,0.8255381440626328
1,0,2,1,1,0,1,0.8255381440626328
1,0,2,1,1,0,1,0.8255381440626328
1,0,2,1,1,0,1,0.8255381440626328
1,0,2,1,1,0,1,0.7801577641121835
1,0,2,1,1,0,1,0.7801577641121835
1,0,2,1,1,0,1,0.7801577641121835
1,0,2,1,1,0,1,0.7801577641121835
1,0,2,1,1,0,1,0.7801577641121835
1,0,2,1,1,0,1,0.7801577641121835
1,0,2,1,1,0,1,0.7801577641121835
1,0,2,1,1,0,1,0.7801577641121835
1,0,2,1,1,0,1,0.7801577641121835
1,0,2,1,1,0,1,0.7801577641121835
1,0,2,1,1,1,1,0.5725393085338734
0,40,0,1,1,1,1,0.002391762713269019
0,39,0,1,1,1,1,0.002391762713269019
0,38,0,1,1,1,1,0.002391762713269019
0,37,0,1,1,1,1,0.002391762713269019
0,36,0,1,1,1,1,0.002391762713269019
0,35,0,1,1,1,1,0.002391762713269019
0,34,0,1,1,1,1,0.002391762713269019
0,33,0,1,1,1,1,0.002391762713269019
0,32,0,1,1,1,1,0.002391762713269019
0,31,0,1,1,1,1,0.002391762713269019
0,30,1,1,1,1,1,0.12971458554913917
0,29,1,1,1,1,1,0.12971458554913917
0,28,1,1,1,1,1,0.12971458554913917
0,27,1,1,1,1,1,0.12971458554913917
0,26,1,1,1,1,1,0.12971458554913917
0,25,1,1,1,1,1,0.12971458554913917
0,24,1,1,1,1,1,0.12971458554913917
0,23,1,1,1,1,1,0.12971458554913917
0,22,1,1,1,1,1,0.12971458554913917
0,21,1,1,1,1,1,0.12971458554913917
0,20,1,1,1,1,1,0.31160433245752533
0,19,1,1,1,1,1,0.31160433245752533
0,18,1,1,1,1,1,0.31160433245752533
0,17,1,1,1,1,1,0.31160433245752533
0,16,1,1,1,1,1,0.31160433245752533
0,15,1,1,1,1,1,0.31160433245752533
0,14,1,1,1,1,1,0.31160433245752533
0,13,1,1,1,1,1,0.31160433245752533
0,12,1,1,1,1,1,0.31160433245752533
0,11,1,1,1,1,1,0.31160433245752533
0,10,2,1,1,1,1,0.49349407936591144
0,9,2,1,1,1,1,0.49349407936591144
0,8,2,1,1,1,1,0.49349407936591144
0,7,2,1,1,1,1,0.49349407936591144
0,6,2,1,1,1,1,0.49349407936591144
0,5,2,1,1,1,1,0.49349407936591144
0,4,2,1,1,1,1,0.49349407936591144
0,3,2,1,1,1,1,0.49349407936591144
0,2,2,1,1,1,1,0.49349407936591144
0,1,2,1,1,1,1,0.49349407936591144
1,0,2,1,1,0,1,0.6763485363230284
0,40,0,1,1,0,1,0.21001021829157895
0,39,0,1,1,0,1,0.21001021829157895
0,38,0,1,1,0,1,0.21001021829157895
0,37,0,1,1,0,1,0.21001021829157895
0,36,0,1,1,0,1,0.21001021829157895
0,35,0,1,1,0,1,0.21001021829157895
0,34,0,1,1,0,1,0.21001021829157895
0,33,0,1,1,0,1,0.21001021829157895
0,32,0,1,1,0,1,0.21001021829157895
0,31,0,1,1,0,1,0.21001021829157895
0,30,1,1,1,0,1,0.3373330411274493
0,29,1,1,1,0,1,0.3373330411274493
0,28,1,1,1,0,1,0.3373330411274493
0,27,1,1,1,0,1,0.3373330411274493
0,26,1,1,1,0,1,0.3373330411274493
0,25,1,1,1,0,1,0.3373330411274493
0,24,1,1,1,0,1,0.3373330411274493
0,23,1,1,1,0,1,0.3373330411274493
0,22,1,1,1,0,1,0.3373330411274493
0,21,1,1,1,0,1,0.3373330411274493
0,20,1,1,1,0,1,0.5192227880358353
0,19,1,1,1,0,1,0.5192227880358353
0,18,1,1,1,0,1,0.5192227880358353
0,17,1,1,1,0,1,0.5192227880358353
0,16,1,1,1,0,1,0.5192227880358353
0,15,1,1,1,0,1,0.5192227880358353
0,14,1,1,1,0,1,0.5192227880358353
0,13,1,1,1,0,1,0.5192227880358353
0,12,1,1,1,0,1,0.5192227880358353
0,11,1,1,1,0,1,0.5192227880358353
0,10,2,1,1,0,1,0.7011125349442215
0,9,2,1,1,0,1,0.7011125349442215
0,8,2,1,1,0,1,0.7011125349442215
0,7,2,1,1,0,1,0.7011125349442215
0,6,2,1,1,0,1,0.7011125349442215
0,5,2,1,1,0,1,0.7011125349442215
0,4,2,1,1,0,1,0.7011125349442215
0,3,2,1,1,0,1,0.7011125349442215
0,2,2,1,1,0,1,0.7011125349442215
0,1,2,1,1,0,1,0.7011125349442215
1,0,2,1,1,0,1,0.7801577641121835
0,40,0,1,1,0,1,0.4176286738698891
0,39,0,1,1,0,1,0.4176286738698891
0,38,0,1,1,0,1,0.4176286738698891
0,37,0,1,1,0,1,0.4176286738698891
0,36,0,1,1,0,1,0.4176286738698891
0,35,0,1,1,0,1,0.4176286738698891
0,34,0,1,1,0,1,0.4176286738698891
0,33,0,1,1,0,1,0.4176286738698891
0,32,0,1,1,0,1,0.4176286738698891
0,31,0,1,1,0,1,0.4176286738698891
0,30,1,1,1,0,1,0.5449514967057594
0,29,1,1,1,0,1,0.5449514967057594
0,28,1,1,1,0,1,0.5449514967057594
0,27,1,1,1,0,1,0.5449514967057594
0,26,1,1,1,0,1,0.5449514967057594
0,25,1,1,1,0,1,0.5449514967057594
0,24,1,1,1,0,1,0.5449514967057594
0,23,1,1,1,0,1,0.5449514967057594
0,22,1,1,1,0,1,0.5449514967057594
0,21,1,1,1,0,1,0.5449514967057594
0,20,1,1,1,0,1,0.7268412436141455
0,19,1,1,1,0,1,0.7268412436141455
0,18,1,1,1,0,1,0.7268412436141455
0,17,1,1,1,0,1,0.7268412436141455
0,16,1,1,1,0,1,0.7268412436141455
0,15,1,1,1,0,1,0.7268412436141455
0,14,1,1,1,0,1,0.7268412436141455
0,13,1,1,1,0,1,0.7268412436141455
0,12,1,1,1,0,1,0.7268412436141455
0,11,1,1,1,0,1,0.7268412436141455
0,10,2,1,1,0,1,0.9087309905225316
0,9,2,1,1,0,1,0.9087309905225316
0,8,2,1,1,0,1,0.9087309905225316
0,7,2,1,1,0,1,0.9087309905225316
0,6,2,1,1,0,1,0.9087309905225316
0,5,2,1,1,0,1,0.9087309905225316
0,4,2,1,1,0,1,0.9087309905225316
0,3,2,1,1,0,1,0.9087309905225316
0,2,2,1,1,0,1,0.9087309905225316
0,1,2,1,1,0,1,0.9087309905225316
1,0,2,1,1,0,1,0.797175406593602
1,0,2,1,1,0,1,0.797175406593602
1,0,2,1,1,0,1,0.797175406593602
1,0,2,1,1,0,1,0.797175406593602
1,0,2,1,1,0,1,0.797175406593602
1,0,2,1,1,0,1,0.797175406593602
1,0,2,1,1,0,1,0.797175406593602
1,0,2,1,1,0,1,0.797175406593602
1,0,2,1,1,0,1,0.797175406593602
1,0,2,1,1,0,1,0.797175406593602
1,0,2,1,1,1,1,0.5895569510152919
0,40,0,1,1,1,1,0.03642704767610605
0,39,0,1,1,1,1,0.03642704767610605
0,38,0,1,1,1,1,0.03642704767610605
0,37,0,1,1,1,1,0.03642704767610605
0,36,0,1,1,1,1,0.03642704767610605
0,35,0,1,1,1,1,0.03642704767610605
0,34,0,1,1,1,1,0.03642704767610605
0,33,0,1,1,1,1,0.03642704767610605
0,32,0,1,1,1,1,0.03642704767610605
0,31,0,1,1,1,1,0.03642704767610605
0,30,1,1,1,1,1,0.16374987051197626
0,29,1,1,1,1,1,0.16374987051197626
0,28,1,1,1,1,1,0.16374987051197626
0,27,1,1,1,1,1,0.16374987051197626
0,26,1,1,1,1,1,0.16374987051197626
0,25,1,1,1,1,1,0.16374987051197626
0,24,1,1,1,1,1,0.16374987051197626
0,23,1,1,1,1,1,0.16374987051197626
0,22,1,1,1,1,1,0.16374987051197626
0,21,1,1,1,1,1,0.16374987051197626
0,20,1,1,1,1,1,0.34563961742036237
0,19,1,1,1,1,1,0.34563961742036237
0,18,1,1,1,1,1,0.34563961742036237
0,17,1,1,1,1,1,0.34563961742036237
0,16,1,1,1,1,1,0.34563961742036237
0,15,1,1,1,1,1,0.34563961742036237
0,14,1,1,1,1,1,0.34563961742036237
0,13,1,1,1,1,1,0.34563961742036237
0,12,1,1,1,1,1,0.34563961742036237
0,11,1,1,1,1,1,0.34563961742036237
0,10,2,1,1,1,1,0.5275293643287484
0,9,2,1,1,1,1,0.5275293643287484
0,8,2,1,1,1,1,0.5275293643287484
0,7,2,1,1,1,1,0.5275293643287484
0,6,2,1,1,1,1,0.5275293643287484
0,5,2,1,1,1,1,0.5275293643287484
0,4,2,1,1,1,1,0.5275293643287484
0,3,2,1,1,1,1,0.5275293643287484
0,2,2,1,1,1,1,0.5275293643287484
0,1,2,1,1,1,1,0.5275293643287484
1,0,2,1,1,0,1,0.693366178804447
0,40,0,1,1,0,1,0.2440455032544161
0,39,0,1,1,0,1,0.2440455032544161
0,38,0,1,1,0,1,0.2440455032544161
0,37,0,1,1,0,1,0.2440455032544161
0,36,0,1,1,0,1,0.2440455032544161
0,35,0,1,1,0,1,0.2440455032544161
0,34,0,1,1,0,1,0.2440455032544161
0,33,0,1,1,0,1,0.2440455032544161
0,32,0,1,1,0,1,0.2440455032544161
0,31,0,1,1,0,1,0.2440455032544161
0,30,1,1,1,0,1,0.3713683260902863
0,29,1,1,1,0,1,0.3713683260902863
0,28,1,1,1,0,1,0.3713683260902863
0,27,1,1,1,0,1,0.3713683260902863
0,26,1,1,1,0,1,0.3713683260902863
0,25,1,1,1,0,1,0.3713683260902863
0,24,1,1,1,0,1,0.3713683260902863
0,23,1,1,1,0,1,0.3713683260902863
0,22,1,1,1,0,1,0.3713683260902863
0,21,1,1,1,0,1,0.3713683260902863
0,20,1,1,1,0,1,0.5532580729986725
0,19,1,1,1,0,1,0.5532580729986725
0,18,1,1,1,0,1,0.5532580729986725
0,17,1,1,1,0,1,0.5532580729986725
0,16,1,1,1,0,1,0.5532580729986725
0,15,1,1,1,0,1,0.5532580729986725
0,14,1,1,1,0,1,0.5532580729986725
0,13,1,1,1,0,1,0.5532580729986725
0,12,1,1,1,0,1,0.5532580729986725
0,11,1,1,1,0,1,0.5532580729986725
0,10,2,1,1,0,1,0.7351478199070586
0,9,2,1,1,0,1,0.7351478199070586
0,8,2,1,1,0,1,0.7351478199070586
0,7,2,1,1,0,1,0.7351478199070586
0,6,2,1,1,0,1,0.7351478199070586
0,5,2,1,1,0,1,0.7351478199070586
0,4,2,1,1,0,1,0.7351478199070586
0,3,2,1,1,0,1,0.7351478199070586
0,2,2,1,1,0,1,0.7351478199070586
0,1,2,1,1,0,1,0.7351478199070586
1,0,2,1,1,0,1,0.797175406593602
0,40,0,1,1,0,1,0.45166395883272614
0,39,0,1,1,0,1,0.45166395883272614
0,38,0,1,1,0,1,0.45166395883272614
0,37,0,1,1,0,1,0.45166395883272614
0,36,0,1,1,0,1,0.45166395883272614
0,35,0,1,1,0,1,0.45166395883272614
0,34,0,1,1,0,1,0.45166395883272614
0,33,0,1,1,0,1,0.45166395883272614
0,32,0,1,1,0,1,0.45166395883272614
0,31,0,1,1,0,1,0.45166395883272614
0,30,1,1,1,0,1,0.5789867816685964
0,29,1,1,1,0,1,0.5789867816685964
0,28,1,1,1,0,1,0.5789867816685964
0,27,1,1,1,0,1,0.5789867816685964
0,26,1,1,1,0,1,0.5789867816685964
0,25,1,1,1,0,1,0.5789867816685964
0,24,1,1,1,0,1,0.5789867816685964
0,23,1,1,1,0,1,0.5789867816685964
0,22,1,1,1,0,1,0.5789867816685964
0,21,1,1,1,0,1,0.5789867816685964
0,20,1,1,1,0,1,0.7608765285769825
0,19,1,1,1,0,1,0.7608765285769825
0,18,1,1,1,0,1,0.7608765285769825
0,17,1,1,1,0,1,0.7608765285769825
0,16,1,1,1,0,1,0.7608765285769825
0,15,1,1,1,0,1,0.7608765285769825
0,14,1,1,1,0,1,0.7608765285769825
0,13,1,1,1,0,1,0.7608765285769825
0,12,1,1,1,0,1,0.7608765285769825
0,11,1,1,1,0,1,0.7608765285769825
0,10,2,1,1,0,1,0.9427662754853687
0,9,2,1,1,0,1,0.9427662754853687
0,8,2,1,1,0,1,0.9427662754853687
0,7,2,1,1,0,1,0.9427662754853687
0,6,2,1,1,0,1,0.9427662754853687
0,5,2,1,1,0,1,0.9427662754853687
0,4,2,1,1,0,1,0.9427662754853687
0,3,2,1,1,0,1,0.9427662754853687
0,2,2,1,1,0,1,0.9427662754853687
0,1,2,1,1,0,1,0.9427662754853687
1,0,2,1,1,0,1,0.8141930490750205
1,0,2,1,1,0,1,0.8141930490750205
1,0,2,1,1,0,1,0.8141930490750205
1,0,2,1,1,0,1,0.8141930490750205
1,0,2,1,1,0,1,0.8141930490750205
1,0,2,1,1,0,1,0.8141930490750205
1,0,2,1,1,0,1,0.8141930490750205
1,0,2,1,1,0,1,0.8141930490750205
1,0,2,1,1,0,1,0.8141930490750205
1,0,2,1,1,0,1,0.8141930490750205
1,0,2,1,1,1,1,0.6065745934967104
0,40,0,1,1,1,1,0.07046233263894308
0,39,0,1,1,1,1,0.07046233263894308
0,38,0,1,1,1,1,0.07046233263894308
0,37,0,1,1,1,1,0.07046233263894308
0,36,0,1,1,1,1,0.07046233263894308
0,35,0,1,1,1,1,0.07046233263894308
0,34,0,1,1,1,1,0.07046233263894308
0,33,0,1,1,1,1,0.07046233263894308
0,32,0,1,1,1,1,0.07046233263894308
0,31,0,1,1,1,1,0.07046233263894308
0,30,1,1,1,1,1,0.1977851554748133
0,29,1,1,1,1,1,0.1977851554748133
0,28,1,1,1,1,1,0.1977851554748133
0,27,1,1,1,1,1,0.1977851554748133
0,26,1,1,1,1,1,0.1977851554748133
0,25,1,1,1,1,1,0.1977851554748133
0,24,1,1,1,1,1,0.1977851554748133
0,23,1,1,1,1,1,0.1977851554748133
0,22,1,1,1,1,1,0.1977851554748133
0,21,1,1,1,1,1,0.1977851554748133
0,20,1,1,1,1,1,0.3796749023831994
0,19,1,1,1,1,1,0.3796749023831994
0,18,1,1,1,1,1,0.3796749023831994
0,17,1,1,1,1,1,0.3796749023831994
0,16,1,1,1,1,1,0.3796749023831994
0,15,1,1,1,1,1,0.3796749023831994
0,14,1,1,1,1,1,0.3796749023831994
0,13,1,1,1,1,1,0.3796749023831994
0,12,1,1,1,1,1,0.3796749023831994
0,11,1,1,1,1,1,0.3796749023831994
0,10,2,1,1,1,1,0.5615646492915856
0,9,2,1,1,1,1,0.5615646492915856
0,8,2,1,1,1,1,0.5615646492915856
0,7,2,1,1,1,1,0.5615646492915856
0,6,2,1,1,1,1,0.5615646492915856
0,5,2,1,1,1,1,0.5615646492915856
0,4,2,1,1,1,1,0.5615646492915856
0,3,2,1,1,1,1,0.5615646492915856
0,2,2,1,1,1,1,0.5615646492915856
0,1,2,1,1,1,1,0.5615646492915856
1,0,2,1,1,0,1,0.7103838212858654
0,40,0,1,1,0,1,0.27808078821725307
0,39,0,1,1,0,1,0.27808078821725307
0,38,0,1,1,0,1,0.27808078821725307
0,37,0,1,1,0,1,0.27808078821725307
0,36,0,1,1,0,1,0.27808078821725307
0,35,0,1,1,0,1,0.27808078821725307
0,34,0,1,1,0,1,0.27808078821725307
0,33,0,1,1,0,1,0.27808078821725307
0,32,0,1,1,0,1,0.27808078821725307
0,31,0,1,1,0,1,0.27808078821725307
0,30,1,1,1,0,1,0.4054036110531234
0,29,1,1,1,0,1,0.4054036110531234
0,28,1,1,1,0,1,0.4054036110531234
0,27,1,1,1,0,1,0.4054036110531234
0,26,1,1,1,0,1,0.4054036110531234
0,25,1,1,1,0,1,0.4054036110531234
0,24,1,1,1,0,1,0.4054036110531234
0,23,1,1,1,0,1,0.4054036110531234
0,22,1,1,1,0,1,0.4054036110531234
0,21,1,1,1,0,1,0.4054036110531234
0,20,1,1,1,0,1,0.5872933579615095
0,19,1,1,1,0,1,0.5872933579615095
0,18,1,1,1,0,1,0.5872933579615095
0,17,1,1,1,0,1,0.5872933579615095
0,16,1,1,1,0,1,0.5872933579615095
0,15,1,1,1,0,1,0.5872933579615095
0,14,1,1,1,0,1,0.5872933579615095
0,13,1,1,1,0,1,0.5872933579615095
0,12,1,1,1,0,1,0.5872933579615095
0,11,1,1,1,0,1,0.5872933579615095
0,10,2,1,1,0,1,0.7691831048698956
0,9,2,1,1,0,1,0.7691831048698956
0,8,2,1,1,0,1,0.7691831048698956
0,7,2,1,1,0,1,0.7691831048698956
0,6,2,1,1,0,1,0.7691831048698956
0,5,2,1,1,0,1,0.7691831048698956
0,4,2,1,1,0,1,0.7691831048698956
0,3,2,1,1,0,1,0.7691831048698956
0,2,2,1,1,0,1,0.7691831048698956
0,1,2,1,1,0,1,0.7691831048698956
1,0,2,1,1,0,1,0.8141930490750205
0,40,0,1,1,0,1,0.4856992437955632
0,39,0,1,1,0,1,0.4856992437955632
0,38,0,1,1,0,1,0.4856992437955632
0,37,0,1,1,0,1,0.4856992437955632
0,36,0,1,1,0,1,0.4856992437955632
0,35,0,1,1,0,1,0.4856992437955632
0,34,0,1,1,0,1,0.4856992437955632
0,33,0,1,1,0,1,0.4856992437955632
0,32,0,1,1,0,1,0.4856992437955632
0,31,0,1,1,0,1,0.4856992437955632
0,30,1,1,1,0,1,0.6130220666314334
0,29,1,1,1,0,1,0.6130220666314334
0,28,1,1,1,0,1,0.6130220666314334
0,27,1,1,1,0,1,0.6130220666314334
0,26,1,1,1,0,1,0.6130220666314334
0,25,1,1,1,0,1,0.6130220666314334
0,24,1,1,1,0,1,0.6130220666314334
0,23,1,1,1,0,1,0.6130220666314334
0,22,1,1,1,0,1,0.6130220666314334
0,21,1,1,1,0,1,0.6130220666314334
0,20,1,1,1,0,1,0.7949118135398195
0,19,1,1,1,0,1,0.7949118135398195
0,18,1,1,1,0,1,0.7949118135398195
0,17,1,1,1,0,1,0.7949118135398195
0,16,1,1,1,0,1,0.7949118135398195
0,15,1,1,1,0,1,0.7949118135398195
0,14,1,1,1,0,1,0.7949118135398195
0,13,1,1,1,0,1,0.7949118135398195
0,12,1,1,1,0,1,0.7949118135398195
0,11,1,1,1,0,1,0.7949118135398195
0,10,2,1,1,0,1,0.9768015604482057
0,9,2,1,1,0,1,0.9768015604482057
0,8,2,1,1,0,1,0.9768015604482057
0,7,2,1,1,0,1,0.9768015604482057
0,6,2,1,1,0,1,0.9768015604482057
0,5,2,1,1,0,1,0.9768015604482057
0,4,2,1,1,0,1,0.9768015604482057
0,3,2,1,1,0,1,0.9768015604482057
0,2,2,1,1,0,1,0.9768015604482057
0,1,2,1,1,0,1,0.9768015604482057
1,0,2,1,1,0,1,0.8255381440626328
1,0,2,1,1,0,1,0.8255381440626328
1,0,2,1,1,0,1,0.8255381440626328
1,0,2,1,1,0,1,0.8255381440626328
1,0,2,1,1,0,1,0.8255381440626328
1,0,2,1,1,0,1,0.8255381440626328
1,0,2,1,1,0,1,0.8255381440626328
1,0,2,1,1,0,1,0.8255381440626328
1,0,2,1,1,0,1,0.8255381440626328
1,0,2,1,1,0,1,0.8255381440626328
1,0,2,1,1,1,1,0.6179196884843228
0,40,0,1,1,1,1,0.09315252261416773
0,39,0,1,1,1,1,0.09315252261416773
0,38,0,1,1,1,1,0.09315252261416773
0,37,0,1,1,1,1,0.09315252261416773
0,36,0,1,1,1,1,0.09315252261416773
0,35,0,1,1,1,1,0.09315252261416773
0,34,0,1,1,1,1,0.09315252261416773
0,33,0,1,1,1,1,0.09315252261416773
0,32,0,1,1,1,1,0.09315252261416773
0,31,0,1,1,1,1,0.09315252261416773
0,30,1,1,1,1,1,0.220475345450038
0,29,1,1,1,1,1,0.220475345450038
0,28,1,1,1,1,1,0.220475345450038
0,27,1,1,1,1,1,0.220475345450038
0,26,1,1,1,1,1,0.220475345450038
0,25,1,1,1,1,1,0.220475345450038
0,24,1,1,1,1,1,0.220475345450038
0,23,1,1,1,1,1,0.220475345450038
0,22,1,1,1,1,1,0.220475345450038
0,21,1,1,1,1,1,0.220475345450038
0,20,1,1,1,1,1,0.4023650923584241
0,19,1,1,1,1,1,0.4023650923584241
0,18,1,1,1,1,1,0.4023650923584241
0,17,1,1,1,1,1,0.4023650923584241
0,16,1,1,1,1,1,0.4023650923584241
0,15,1,1,1,1,1,0.4023650923584241
0,14,1,1,1,1,1,0.4023650923584241
0,13,1,1,1,1,1,0.4023650923584241
0,12,1,1,1,1,1,0.4023650923584241
0,11,1,1,1,1,1,0.4023650923584241
0,10,2,1,1,1,1,0.5842548392668102
0,9,2,1,1,1,1,0.5842548392668102
0,8,2,1,1,1,1,0.5842548392668102
0,7,2,1,1,1,1,0.5842548392668102
0,6,2,1,1,1,1,0.5842548392668102
0,5,2,1,1,1,1,0.5842548392668102
0,4,2,1,1,1,1,0.5842548392668102
0,3,2,1,1,1,1,0.5842548392668102
0,2,2,1,1,1,1,0.5842548392668102
0,1,2,1,1,1,1,0.5842548392668102
1,0,2,1,1,0,1,0.7217289162734778
0,40,0,1,1,0,1,0.3007709781924778
0,39,0,1,1,0,1,0.3007709781924778
0,38,0,1,1,0,1,0.3007709781924778
0,37,0,1,1,0,1,0.3007709781924778
0,36,0,1,1,0,1,0.3007709781924778
0,35,0,1,1,0,1,0.3007709781924778
0,34,0,1,1,0,1,0.3007709781924778
0,33,0,1,1,0,1,0.3007709781924778
0,32,0,1,1,0,1,0.3007709781924778
0,31,0,1,1,0,1,0.3007709781924778
0,30,1,1,1,0,1,0.42809380102834804
0,29,1,1,1,0,1,0.42809380102834804
0,28,1,1,1,0,1,0.42809380102834804
0,27,1,1,1,0,1,0.42809380102834804
0,26,1,1,1,0,1,0.42809380102834804
0,25,1,1,1,0,1,0.42809380102834804
0,24,1,1,1,0,1,0.42809380102834804
0,23,1,1,1,0,1,0.42809380102834804
0,22,1,1,1,0,1,0.42809380102834804
0,21,1,1,1,0,1,0.42809380102834804
0,20,1,1,1,0,1,0.6099835479367341
0,19,1,1,1,0,1,0.6099835479367341
0,18,1,1,1,0,1,0.6099835479367341
0,17,1,1,1,0,1,0.6099835479367341
0,16,1,1,1,0,1,0.6099835479367341
0,15,1,1,1,0,1,0.6099835479367341
0,14,1,1,1,0,1,0.6099835479367341
0,13,1,1,1,0,1,0.6099835479367341
0,12,1,1,1,0,1,0.6099835479367341
0,11,1,1,1,0,1,0.6099835479367341
0,10,2,1,1,0,1,0.7918732948451203
0,9,2,1,1,0,1,0.7918732948451203
0,8,2,1,1,0,1,0.7918732948451203
0,7,2,1,1,0,1,0.7918732948451203
0,6,2,1,1,0,1,0.7918732948451203
0,5,2,1,1,0,1,0.7918732948451203
0,4,2,1,1,0,1,0.7918732948451203
0,3,2,1,1,0,1,0.7918732948451203
0,2,2,1,1,0,1,0.7918732948451203
0,1,2,1,1,0,1,0.7918732948451203
1,0,2,1,1,0,1,0.8255381440626328
0,40,0,1,1,0,1,0.5083894337707879
0,39,0,1,1,0,1,0.5083894337707879
0,38,0,1,1,0,1,0.5083894337707879
0,37,0,1,1,0,1,0.5083894337707879
0,36,0,1,1,0,1,0.5083894337707879
0,35,0,1,1,0,1,0.5083894337707879
0,34,0,1,1,0,1,0.5083894337707879
0,33,0,1,1,0,1,0.5083894337707879
0,32,0,1,1,0,1,0.5083894337707879
0,31,0,1,1,0,1,0.5083894337707879
0,30,1,1,1,0,1,0.6357122566066582
0,29,1,1,1,0,1,0.6357122566066582
0,28,1,1,1,0,1,0.6357122566066582
0,27,1,1,1,0,1,0.6357122566066582
0,26,1,1,1,0,1,0.6357122566066582
0,25,1,1,1,0,1,0.6357122566066582
0,24,1,1,1,0,1,0.6357122566066582
0,23,1,1,1,0,1,0.6357122566066582
0,22,1,1,1,0,1,0.6357122566066582
0,21,1,1,1,0,1,0.6357122566066582
0,20,1,1,1,0,1,0.8176020035150442
0,19,1,1,1,0,1,0.8176020035150442
0,18,1,1,1,0,1,0.8176020035150442
0,17,1,1,1,0,1,0.8176020035150442
0,16,1,1,1,0,1,0.8176020035150442
0,15,1,1,1,0,1,0.8176020035150442
0,14,1,1,1,0,1,0.8176020035150442
0,13,1,1,1,0,1,0.8176020035150442
0,12,1,1,1,0,1,0.8176020035150442
0,11,1,1,1,0,1,0.8176020035150442
0,10,2,1,1,0,1,0.9994917504234304
0,9,2,1,1,0,1,0.9994917504234304
0,8,2,1,1,0,1,0.9994917504234304
0,7,2,1,1,0,1,0.9994917504234304
0,6,2,1,1,0,1,0.9994917504234304
0,5,2,1,1,0,1,0.9994917504234304
0,4,2,1,1,0,1,0.9994917504234304
0,3,2,1,1,0,1,0.9994917504234304
0,2,2,1,1,0,1,0.9994917504234304
0,1,2,1,1,0,1,0.9994917504234304
1,0,2,1,1,0,1,0.8243422627059984
1,0,2,1,1,0,1,0.8243422627059984
1,0,2,1,1,0,1,0.8243422627059984
1,0,2,1,1,0,1,0.8243422627059984
1,0,2,1,1,0,1,0.8243422627059984
1,0,2,1,1,0,1,0.8243422627059984
1,0,2,1,1,0,1,0.8243422627059984
1,0,2,1,1,0,1,0.8243422627059984
1,0,2,1,1,0,1,0.8243422627059984
1,0,2,1,1,0,1,0.8243422627059984
1,0,2,1,1,0,1,0.8243422627059984
1,0,2,1,1,0,1,0.8243422627059984
1,0,2,1,1,0,1,0.8243422627059984
1,0,2,1,1,0,1,0.8243422627059984
1,0,2,1,1,0,1,0.8243422627059984
1,0,2,1,1,0,1,0.8243422627059984
1,0,2,1,1,0,1,0.8243422627059984
1,0,2,1,1,0,1,0.8243422627059984
1,0,2,1,1,0,1,0.8243422627059984
1,0,2,1,1,0,1,0.8243422627059984
1,0,2,1,1,0,1,0.8243422627059984
1,0,2,1,1,0,1,0.8243422627059984
1,0,2,1,1,0,1,0.8243422627059984
1,0,2,1,1,0,1,0.8243422627059984
1,0,2,1,1,0,1,0.8243422627059984
1,0,2,1,1,0,1,0.8243422627059984
1,0,2,1,1,0,1,0.8243422627059984
1,0,2,1,1,0,1,0.8243422627059984
1,0,2,1,1,0,1,0.8243422627059984
1,0,2,1,1,0,1,0.8243422627059984
1,0,2,1,1,0,1,0.8243422627059984
1,0,2,1,1,0,1,0.8243422627059984
1,0,2,1,1,0,1,0.8243422627059984
1,0,2,1,1,0,1,0.8243422627059984
1,0,2,1,1,0,1,0.8243422627059984
1,0,2,1,1,0,1,0.8243422627059984
1,0,2,1,1,0,1,0.8243422627059984
1,0,2,1,1,0,1,0.8243422627059984
1,0,2,1,1,0,1,0.8243422627059984
1,0,2,1,1,0,1,0.8243422627059984
1,0,2,1,1,0,1,0.8243422627059984
1,0,2,1,1,0,1,0.8243422627059984
1,0,2,1,1,0,1,0.8243422627059984
1,0,2,1,1,0,1,0.8243422627059984
1,0,2,1,1,0,1,0.8243422627059984
1,0,2,1,1,0,1,0.8243422627059984
1,0,2,1,1,0,1,0.8243422627059984
1,0,2,1,1,0,1,0.8243422627059984
1,0,2,1,1,0,1,0.8243422627059984
1,0,2,1,1,0,1,0.8243422627059984
1,0,2,1,1,0,1,0.8243422627059984
1,0,2,1,1,0,1,0.8243422627059984
1,0,2,1,1,0,1,0.8243422627059984
1,0,2,1,1,0,1,0.8243422627059984
1,0,2,1,1,0,1,0.8243422627059984
1,0,2,1,1,0,1,0.8243422627059984
1,0,2,1,1,0,1,0.8243422627059984
1,0,2,1,1,0,1,0.8243422627059984
1,0,2,1,1,0,1,0.8243422627059984
1,0,2,1,1,0,1,0.8243422627059984
1,0,2,1,1,0,1,0.8243422627059984
1,0,2,1,1,0,1,0.8243422627059984
1,0,2,1,1,0,1,0.8243422627059984
1,0,2,1,1,0,1,0.8243422627059984
1,0,2,1,1,0,1,0.8243422627059984
1,0,2,1,1,0,1,0.8243422627059984
1,0,2,1,1,0,1,0.8243422627059984
1,0,2,1,1,0,1,0.8243422627059984
1,0,2,1,1,0,1,0.8243422627059984
1,0,2,1,1,0,1,0.8243422627059984
1,0,2,1,1,0,1,0.8243422627059984
1,0,2,1,1,0,1,0.8243422627059984
1,0,2,1,1,0,1,0.8243422627059984
1,0,2,1,1,0,1,0.8243422627059984
1,0,2,1,1,0,1,0.8243422627059984
1,0,2,1,1,0,1,0.8243422627059984
1,0,2,1,1,0,1,0.8243422627059984
1,0,2,1,1,0,1,0.8243422627059984
1,0,2,1,1,0,1,0.8243422627059984
1,0,2,1,1,0,1,0.8243422627059984
1,0,2,1,1,0,1,0.8243422627059984
1,0,2,1,1,0,1,0.8243422627059984
1,0,2,1,1,0,1,0.8243422627059984
1,0,2,1,1,0,1,0.8243422627059984
1,0,2,1,1,0,1,0.8243422627059984
1,0,2,1,1,0,1,0.8243422627059984
1,0,2,1,1,0,1,0.8243422627059984
1,0,2,1,1,0,1,0.8243422627059984
1,0,2,1,1,0,1,0.8243422627059984
1,0,2,1,1,0,1,0.8243422627059984
1,0,2,1,1,0,1,0.8243422627059984
1,0,2,1,1,0,1,0.8243422627059984
1,0,2,1,1,0,1,0.8243422627059984
1,0,2,1,1,0,1,0.8243422627059984
1,0,2,1,1,0,1,0.8243422627059984
1,0,2,1,1,0,1,0.8243422627059984
1,0,2,1,1,0,1,0.8243422627059984
1,0,2,1,1,0,1,0.8243422627059984
1,0,2,1,1,0,1,0.8243422627059984
1,0,2,1,1,0,1,0.8243422627059984
1,0,2,1,1,0,1,0.8243422627059984
1,0,2,1,1,0,1,0.8243422627059984
1,0,2,1,1,0,1,0.8243422627059984
1,0,2,1,1,0,1,0.8243422627059984
1,0,2,1,1,0,1,0.8243422627059984
1,0,2,1,1,0,1,0.8243422627059984
1,0,2,1,1,0,1,0.8243422627059984
1,0,2,1,1,0,1,0.8243422627059984
1,0,2,1,1,0,1,0.8243422627059984
1,0,2,1,1,0,1,0.8243422627059984
1,0,2,1,1,0,1,0.8243422627059984
1,0,2,1,1,0,1,0.8243422627059984
1,0,2,1,1,0,1,0.8243422627059984
1,0,2,1,1,0,1,0.8243422627059984
1,0,2,1,1,0,1,0.8243422627059984
1,0,2,1,1,0,1,0.8243422627059984
1,0,2,1,1,0,1,0.8243422627059984
1,0,2,1,1,0,1,0.8243422627059984
1,0,2,1,1,0,1,0.8243422627059984
1,0,2,1,1,0,1,0.8243422627059984
1,0,2,1,1,0,1,0.8243422627059984
1,0,2,1,1,0,1,0.8243422627059984
1,0,2,1,1,0,1,0.8243422627059984
1,0,2,1,1,0,1,0.8243422627059984
1,0,2,1,1,0,1,0.8243422627059984
1,0,2,1,1,0,1,0.8243422627059984
1,0,2,1,1,0,1,0.8243422627059984
1,0,2,1,1,0,1,0.8243422627059984
1,0,2,1,1,0,1,0.8243422627059984
1,0,2,1,1,0,1,0.8243422627059984
1,0,2,1,1,0,1,0.8243422627059984
1,0,2,1,1,0,1,0.8243422627059984
1,0,2,1,1,0,1,0.8243422627059984
1,0,2,1,1,0,1,0.8243422627059984
1,0,2,1,1,0,1,0.8243422627059984
1,0,2,1,1,0,1,0.8243422627059984
1,0,2,1,1,0,1,0.8243422627059984
1,0,2,1,1,0,1,0.8243422627059984
1,0,2,1,1,0,1,0.8243422627059984
1,0,2,1,1,0,1,0.8243422627059984
1,0,2,1,1,0,1,0.8243422627059984
1,0,2,1,1,0,1,0.8243422627059984
1,0,2,1,1,0,1,0.8243422627059984
1,0,2,1,1,0,1,0.8243422627059984
1,0,2,1,1,0,1,0.8243422627059984
1,0,2,1,1,0,1,0.8243422627059984
1,0,2,1,1,0,1,0.8243422627059984
1,0,2,1,1,0,1,0.8243422627059984
1,0,2,1,1,0,1,0.8243422627059984
1,0,2,1,1,0,1,0.8243422627059984
1,0,2,1,1,0,1,0.8243422627059984
1,0,2,1,1,0,1,0.8243422627059984
1,0,2,1,1,0,1,0.8243422627059984
1,0,2,1,1,0,1,0.8243422627059984
1,0,2,1,1,0,1,0.8243422627059984
1,0,2,1,1,0,1,0.8243422627059984
1,0,2,1,1,0,1,0.8243422627059984
1,0,2,1,1,0,1,0.8243422627059984
1,0,2,1,1,0,1,0.8243422627059984
1,0,2,1,1,0,1,0.8243422627059984
1,0,2,1,1,0,1,0.8243422627059984
1,0,2,1,1,0,1,0.8243422627059984
1,0,2,1,1,0,1,0.8243422627059984
1,0,2,1,1,0,1,0.8243422627059984
1,0,2,1,1,0,1,0.8243422627059984
1,0,2,1,1,0,1,0.8243422627059984
1,0,2,1,1,0,1,0.8243422627059984
1,0,2,1,1,0,1,0.8243422627059984
1,0,2,1,1,0,1,0.8243422627059984
1,0,2,1,1,0,1,0.8243422627059984
1,0,2,1,1,0,1,0.8243422627059984
1,0,2,1,1,0,1,0.8243422627059984
1,0,2,1,1,0,1,0.8243422627059984
1,0,2,1,1,0,1,0.8243422627059984
1,0,2,1,1,0,1,0.8243422627059984
1,0,2,1,1,0,1,0.8243422627059984
1,0,2,1,1,0,1,0.8243422627059984
1,0,2,1,1,0,1,0.8243422627059984
1,0,2,1,1,0,1,0.8243422627059984
1,0,2,1,1,0,1,0.8243422627059984
1,0,2,1,1,0,1,0.8243422627059984
1,0,2,1,1,0,1,0.8243422627059984
1,0,2,1,1,0,1,0.8243422627059984
1,0,2,1,1,0,1,0.8243422627059984
1,0,2,1,1,0,1,0.8243422627059984
1,0,2,1,1,0,1,0.8243422627059984
1,0,2,1,1,0,1,0.8243422627059984
1,0,2,1,1,0,1,0.8243422627059984
1,0,2,1,1,0,1,0.8243422627059984
1,0,2,1,1,0,1,0.8243422627059984
1,0,2,1,1,0,1,0.8243422627059984
1,0,2,1,1,0,1,0.8243422627059984
1,0,2,1,1,0,1,0.8243422627059984
1,0,2,1,1,0,1,0.8243422627059984
1,0,2,1,1,0,1,0.8243422627059984
1,0,2,1,1,0,1,0.8243422627059984
1,0,2,1,1,0,1,0.8243422627059984
1,0,2,1,1,0,1,0.8243422627059984
1,0,2,1,1,0,1,0.8243422627059984
1,0,2,1,1,0,1,0.8243422627059984
1,0,2,1,1,0,1,0.778961882755549
1,0,2,1,1,0,1,0.778961882755549
1,0,2,1,1,0,1,0.778961882755549
1,0,2,1,1,0,1,0.778961882755549
1,0,2,1,1,0,1,0.778961882755549
1,0,2,1,1,0,1,0.778961882755549
1,0,2,1,1,0,1,0.778961882755549
1,0,2,1,1,0,1,0.778961882755549
1,0,2,1,1,0,1,0.778961882755549
1,0,2,1,1,0,1,0.778961882755549
1,0,2,1,1,1,1,0.5713434271772388
0,40,0,1,1,1,1,0.0
0,39,0,1,1,1,1,0.0
0,38,0,1,1,1,1,0.0
0,37,0,1,1,1,1,0.0
0,36,0,1,1,1,1,0.0
0,35,0,1,1,1,1,0.0
0,34,0,1,1,1,1,0.0
0,33,0,1,1,1,1,0.0
0,32,0,1,1,1,1,0.0
0,31,0,1,1,1,1,0.0
0,30,1,1,1,1,1,0.12732282283587015
0,29,1,1,1,1,1,0.12732282283587015
0,28,1,1,1,1,1,0.12732282283587015
0,27,1,1,1,1,1,0.12732282283587015
0,26,1,1,1,1,1,0.12732282283587015
0,25,1,1,1,1,1,0.12732282283587015
0,24,1,1,1,1,1,0.12732282283587015
0,23,1,1,1,1,1,0.12732282283587015
0,22,1,1,1,1,1,0.12732282283587015
0,21,1,1,1,1,1,0.12732282283587015
0,20,1,1,1,1,1,0.30921256974425626
0,19,1,1,1,1,1,0.30921256974425626
0,18,1,1,1,1,1,0.30921256974425626
0,17,1,1,1,1,1,0.30921256974425626
0,16,1,1,1,1,1,0.30921256974425626
0,15,1,1,1,1,1,0.30921256974425626
0,14,1,1,1,1,1,0.30921256974425626
0,13,1,1,1,1,1,0.30921256974425626
0,12,1,1,1,1,1,0.30921256974425626
0,11,1,1,1,1,1,0.30921256974425626
0,10,2,1,1,1,1,0.4911023166526425
0,9,2,1,1,1,1,0.4911023166526425
0,8,2,1,1,1,1,0.4911023166526425
0,7,2,1,1,1,1,0.4911023166526425
0,6,2,1,1,1,1,0.4911023166526425
0,5,2,1,1,1,1,0.4911023166526425
0,4,2,1,1,1,1,0.4911023166526425
0,3,2,1,1,1,1,0.4911023166526425
0,2,2,1,1,1,1,0.4911023166526425
0,1,2,1,1,1,1,0.4911023166526425
1,0,2,1,1,0,1,0.6751526549663939
0,40,0,1,1,0,1,0.20761845557831
0,39,0,1,1,0,1,0.20761845557831
0,38,0,1,1,0,1,0.20761845557831
0,37,0,1,1,0,1,0.20761845557831
0,36,0,1,1,0,1,0.20761845557831
0,35,0,1,1,0,1,0.20761845557831
0,34,0,1,1,0,1,0.20761845557831
0,33,0,1,1,0,1,0.20761845557831
0,32,0,1,1,0,1,0.20761845557831
0,31,0,1,1,0,1,0.20761845557831
0,30,1,1,1,0,1,0.33494127841418025
0,29,1,1,1,0,1,0.33494127841418025
0,28,1,1,1,0,1,0.33494127841418025
0,27,1,1,1,0,1,0.33494127841418025
0,26,1,1,1,0,1,0.33494127841418025
0,25,1,1,1,0,1,0.33494127841418025
0,24,1,1,1,0,1,0.33494127841418025
0,23,1,1,1,0,1,0.33494127841418025
0,22,1,1,1,0,1,0.33494127841418025
0,21,1,1,1,0,1,0.33494127841418025
0,20,1,1,1,0,1,0.5168310253225664
0,19,1,1,1,0,1,0.5168310253225664
0,18,1,1,1,0,1,0.5168310253225664
0,17,1,1,1,0,1,0.5168310253225664
0,16,1,1,1,0,1,0.5168310253225664
0,15,1,1,1,0,1,0.5168310253225664
0,14,1,1,1,0,1,0.5168310253225664
0,13,1,1,1,0,1,0.5168310253225664
0,12,1,1,1,0,1,0.5168310253225664
0,11,1,1,1,0,1,0.5168310253225664
0,10,2,1,1,0,1,0.6987207722309525
0,9,2,1,1,0,1,0.6987207722309525
0,8,2,1,1,0,1,0.6987207722309525
0,7,2,1,1,0,1,0.6987207722309525
0,6,2,1,1,0,1,0.6987207722309525
0,5,2,1,1,0,1,0.6987207722309525
0,4,2,1,1,0,1,0.6987207722309525
0,3,2,1,1,0,1,0.6987207722309525
0,2,2,1,1,0,1,0.6987207722309525
0,1,2,1,1,0,1,0.6987207722309525
1,0,2,1,1,0,1,0.778961882755549
0,40,0,1,1,0,1,0.41523691115662015
0,39,0,1,1,0,1,0.41523691115662015
0,38,0,1,1,0,1,0.41523691115662015
0,37,0,1,1,0,1,0.41523691115662015
0,36,0,1,1,0,1,0.41523691115662015
0,35,0,1,1,0,1,0.41523691115662015
0,34,0,1,1,0,1,0.41523691115662015
0,33,0,1,1,0,1,0.41523691115662015
0,32,0,1,1,0,1,0.41523691115662015
0,31,0,1,1,0,1,0.41523691115662015
0,30,1,1,1,0,1,0.5425597339924904
0,29,1,1,1,0,1,0.5425597339924904
0,28,1,1,1,0,1,0.5425597339924904
0,27,1,1,1,0,1,0.5425597339924904
0,26,1,1,1,0,1,0.5425597339924904
0,25,1,1,1,0,1,0.5425597339924904
0,24,1,1,1,0,1,0.5425597339924904
0,23,1,1,1,0,1,0.5425597339924904
0,22,1,1,1,0,1,0.5425597339924904
0,21,1,1,1,0,1,0.5425597339924904
0,20,1,1,1,0,1,0.7244494809008765
0,19,1,1,1,0,1,0.7244494809008765
0,18,1,1,1,0,1,0.7244494809008765
0,17,1,1,1,0,1,0.7244494809008765
0,16,1,1,1,0,1,0.7244494809008765
0,15,1,1,1,0,1,0.7244494809008765
0,14,1,1,1,0,1,0.7244494809008765
0,13,1,1,1,0,1,0.7244494809008765
0,12,1,1,1,0,1,0.7244494809008765
0,11,1,1,1,0,1,0.7244494809008765
0,10,2,1,1,0,1,0.9063392278092626
0,9,2,1,1,0,1,0.9063392278092626
0,8,2,1,1,0,1,0.9063392278092626
0,7,2,1,1,0,1,0.9063392278092626
0,6,2,1,1,0,1,0.9063392278092626
0,5,2,1,1,0,1,0.9063392278092626
0,4,2,1,1,0,1,0.9063392278092626
0,3,2,1,1,0,1,0.9063392278092626
0,2,2,1,1,0,1,0.9063392278092626
0,1,2,1,1,0,1,0.9063392278092626
1,0,2,1,1,0,1,0.7959795252369675
1,0,2,1,1,0,1,0.7959795252369675
1,0,2,1,1,0,1,0.7959795252369675
1,0,2,1,1,0,1,0.7959795252369675
1,0,2,1,1,0,1,0.7959795252369675
1,0,2,1,1,0,1,0.7959795252369675
1,0,2,1,1,0,1,0.7959795252369675
1,0,2,1,1,0,1,0.7959795252369675
1,0,2,1,1,0,1,0.7959795252369675
1,0,2,1,1,0,1,0.7959795252369675
1,0,2,1,1,1,1,0.5883610696586574
0,40,0,1,1,1,1,0.03403528496283703
0,39,0,1,1,1,1,0.03403528496283703
0,38,0,1,1,1,1,0.03403528496283703
0,37,0,1,1,1,1,0.03403528496283703
0,36,0,1,1,1,1,0.03403528496283703
0,35,0,1,1,1,1,0.03403528496283703
0,34,0,1,1,1,1,0.03403528496283703
0,33,0,1,1,1,1,0.03403528496283703
0,32,0,1,1,1,1,0.03403528496283703
0,31,0,1,1,1,1,0.03403528496283703
0,30,1,1,1,1,1,0.1613581077987073
0,29,1,1,1,1,1,0.1613581077987073
0,28,1,1,1,1,1,0.1613581077987073
0,27,1,1,1,1,1,0.1613581077987073
0,26,1,1,1,1,1,0.1613581077987073
0,25,1,1,1,1,1,0.1613581077987073
0,24,1,1,1,1,1,0.1613581077987073
0,23,1,1,1,1,1,0.1613581077987073
0,22,1,1,1,1,1,0.1613581077987073
0,21,1,1,1,1,1,0.1613581077987073
0,20,1,1,1,1,1,0.34324785470709335
0,19,1,1,1,1,1,0.34324785470709335
0,18,1,1,1,1,1,0.34324785470709335
0,17,1,1,1,1,1,0.34324785470709335
0,16,1,1,1,1,1,0.34324785470709335
0,15,1,1,1,1,1,0.34324785470709335
0,14,1,1,1,1,1,0.34324785470709335
0,13,1,1,1,1,1,0.34324785470709335
0,12,1,1,1,1,1,0.34324785470709335
0,11,1,1,1,1,1,0.34324785470709335
0,10,2,1,1,1,1,0.5251376016154794
0,9,2,1,1,1,1,0.5251376016154794
0,8,2,1,1,1,1,0.5251376016154794
0,7,2,1,1,1,1,0.5251376016154794
0,6,2,1,1,1,1,0.5251376016154794
0,5,2,1,1,1,1,0.5251376016154794
0,4,2,1,1,1,1,0.5251376016154794
0,3,2,1,1,1,1,0.5251376016154794
0,2,2,1,1,1,1,0.5251376016154794
0,1,2,1,1,1,1,0.5251376016154794
1,0,2,1,1,0,1,0.6921702974478124
0,40,0,1,1,0,1,0.24165374054114713
0,39,0,1,1,0,1,0.24165374054114713
0,38,0,1,1,0,1,0.24165374054114713
0,37,0,1,1,0,1,0.24165374054114713
0,36,0,1,1,0,1,0.24165374054114713
0,35,0,1,1,0,1,0.24165374054114713
0,34,0,1,1,0,1,0.24165374054114713
0,33,0,1,1,0,1,0.24165374054114713
0,32,0,1,1,0,1,0.24165374054114713
0,31,0,1,1,0,1,0.24165374054114713
0,30,1,1,1,0,1,0.36897656337701734
0,29,1,1,1,0,1,0.36897656337701734
0,28,1,1,1,0,1,0.36897656337701734
0,27,1,1,1,0,1,0.36897656337701734
0,26,1,1,1,0,1,0.36897656337701734
0,25,1,1,1,0,1,0.36897656337701734
0,24,1,1,1,0,1,0.36897656337701734
0,23,1,1,1,0,1,0.36897656337701734
0,22,1,1,1,0,1,0.36897656337701734
0,21,1,1,1,0,1,0.36897656337701734
0,20,1,1,1,0,1,0.5508663102854034
0,19,1,1,1,0,1,0.5508663102854034
0,18,1,1,1,0,1,0.5508663102854034
0,17,1,1,1,0,1,0.5508663102854034
0,16,1,1,1,0,1,0.5508663102854034
0,15,1,1,1,0,1,0.5508663102854034
0,14,1,1,1,0,1,0.5508663102854034
0,13,1,1,1,0,1,0.5508663102854034
0,12,1,1,1,0,1,0.5508663102854034
0,11,1,1,1,0,1,0.5508663102854034
0,10,2,1,1,0,1,0.7327560571937896
0,9,2,1,1,0,1,0.7327560571937896
0,8,2,1,1,0,1,0.7327560571937896
0,7,2,1,1,0,1,0.7327560571937896
0,6,2,1,1,0,1,0.7327560571937896
0,5,2,1,1,0,1,0.7327560571937896
0,4,2,1,1,0,1,0.7327560571937896
0,3,2,1,1,0,1,0.7327560571937896
0,2,2,1,1,0,1,0.7327560571937896
0,1,2,1,1,0,1,0.7327560571937896
1,0,2,1,1,0,1,0.7959795252369675
0,40,0,1,1,0,1,0.4492721961194572
0,39,0,1,1,0,1,0.4492721961194572
0,38,0,1,1,0,1,0.4492721961194572
0,37,0,1,1,0,1,0.4492721961194572
0,36,0,1,1,0,1,0.4492721961194572
0,35,0,1,1,0,1,0.4492721961194572
0,34,0,1,1,0,1,0.4492721961194572
0,33,0,1,1,0,1,0.4492721961194572
0,32,0,1,1,0,1,0.4492721961194572
0,31,0,1,1,0,1,0.4492721961194572
0,30,1,1,1,0,1,0.5765950189553274
0,29,1,1,1,0,1,0.5765950189553274
0,28,1,1,1,0,1,0.5765950189553274
0,27,1,1,1,0,1,0.5765950189553274
0,26,1,1,1,0,1,0.5765950189553274
0,25,1,1,1,0,1,0.5765950189553274
0,24,1,1,1,0,1,0.5765950189553274
0,23,1,1,1,0,1,0.5765950189553274
0,22,1,1,1,0,1,0.5765950189553274
0,21,1,1,1,0,1,0.5765950189553274
0,20,1,1,1,0,1,0.7584847658637135
0,19,1,1,1,0,1,0.7584847658637135
0,18,1,1,1,0,1,0.7584847658637135
0,17,1,1,1,0,1,0.7584847658637135
0,16,1,1,1,0,1,0.7584847658637135
0,15,1,1,1,0,1,0.7584847658637135
0,14,1,1,1,0,1,0.7584847658637135
0,13,1,1,1,0,1,0.7584847658637135
0,12,1,1,1,0,1,0.7584847658637135
0,11,1,1,1,0,1,0.7584847658637135
0,10,2,1,1,0,1,0.9403745127720997
0,9,2,1,1,0,1,0.9403745127720997
0,8,2,1,1,0,1,0.9403745127720997
0,7,2,1,1,0,1,0.9403745127720997
0,6,2,1,1,0,1,0.9403745127720997
0,5,2,1,1,0,1,0.9403745127720997
0,4,2,1,1,0,1,0.9403745127720997
0,3,2,1,1,0,1,0.9403745127720997
0,2,2,1,1,0,1,0.9403745127720997
0,1,2,1,1,0,1,0.9403745127720997
1,0,2,1,1,0,1,0.812997167718386
1,0,2,1,1,0,1,0.812997167718386
1,0,2,1,1,0,1,0.812997167718386
1,0,2,1,1,0,1,0.812997167718386
1,0,2,1,1,0,1,0.812997167718386
1,0,2,1,1,0,1,0.812997167718386
1,0,2,1,1,0,1,0.812997167718386
1,0,2,1,1,0,1,0.812997167718386
1,0,2,1,1,0,1,0.812997167718386
1,0,2,1,1,0,1,0.812997167718386
1,0,2,1,1,1,1,0.6053787121400759
0,40,0,1,1,1,1,0.06807056992567406
0,39,0,1,1,1,1,0.06807056992567406
0,38,0,1,1,1,1,0.06807056992567406
0,37,0,1,1,1,1,0.06807056992567406
0,36,0,1,1,1,1,0.06807056992567406
0,35,0,1,1,1,1,0.06807056992567406
0,34,0,1,1,1,1,0.06807056992567406
0,33,0,1,1,1,1,0.06807056992567406
0,32,0,1,1,1,1,0.06807056992567406
0,31,0,1,1,1,1,0.06807056992567406
0,30,1,1,1,1,1,0.19539339276154433
0,29,1,1,1,1,1,0.19539339276154433
0,28,1,1,1,1,1,0.19539339276154433
0,27,1,1,1,1,1,0.19539339276154433
0,26,1,1,1,1,1,0.19539339276154433
0,25,1,1,1,1,1,0.19539339276154433
0,24,1,1,1,1,1,0.19539339276154433
0,23,1,1,1,1,1,0.19539339276154433
0,22,1,1,1,1,1,0.19539339276154433
0,21,1,1,1,1,1,0.19539339276154433
0,20,1,1,1,1,1,0.37728313966993043
0,19,1,1,1,1,1,0.37728313966993043
0,18,1,1,1,1,1,0.37728313966993043
0,17,1,1,1,1,1,0.37728313966993043
0,16,1,1,1,1,1,0.37728313966993043
0,15,1,1,1,1,1,0.37728313966993043
0,14,1,1,1,1,1,0.37728313966993043
0,13,1,1,1,1,1,0.37728313966993043
0,12,1,1,1,1,1,0.37728313966993043
0,11,1,1,1,1,1,0.37728313966993043
0,10,2,1,1,1,1,0.5591728865783165
0,9,2,1,1,1,1,0.5591728865783165
0,8,2,1,1,1,1,0.5591728865783165
0,7,2,1,1,1,1,0.5591728865783165
0,6,2,1,1,1,1,0.5591728865783165
0,5,2,1,1,1,1,0.5591728865783165
0,4,2,1,1,1,1,0.5591728865783165
0,3,2,1,1,1,1,0.5591728865783165
0,2,2,1,1,1,1,0.5591728865783165
0,1,2,1,1,1,1,0.5591728865783165
1,0,2,1,1,0,1,0.7091879399292309
0,40,0,1,1,0,1,0.2756890255039841
0,39,0,1,1,0,1,0.2756890255039841
0,38,0,1,1,0,1,0.2756890255039841
0,37,0,1,1,0,1,0.2756890255039841
0,36,0,1,1,0,1,0.2756890255039841
0,35,0,1,1,0,1,0.2756890255039841
0,34,0,1,1,0,1,0.2756890255039841
0,33,0,1,1,0,1,0.2756890255039841
0,32,0,1,1,0,1,0.2756890255039841
0,31,0,1,1,0,1,0.2756890255039841
0,30,1,1,1,0,1,0.4030118483398544
0,29,1,1,1,0,1,0.4030118483398544
0,28,1,1,1,0,1,0.4030118483398544
0,27,1,1,1,0,1,0.4030118483398544
0,26,1,1,1,0,1,0.4030118483398544
0,25,1,1,1,0,1,0.4030118483398544
0,24,1,1,1,0,1,0.4030118483398544
0,23,1,1,1,0,1,0.4030118483398544
0,22,1,1,1,0,1,0.4030118483398544
0,21,1,1,1,0,1,0.4030118483398544
0,20,1,1,1,0,1,0.5849015952482405
0,19,1,1,1,0,1,0.5849015952482405
0,18,1,1,1,0,1,0.5849015952482405
0,17,1,1,1,0,1,0.5849015952482405
0,16,1,1,1,0,1,0.5849015952482405
0,15,1,1,1,0,1,0.5849015952482405
0,14,1,1,1,0,1,0.5849015952482405
0,13,1,1,1,0,1,0.5849015952482405
0,12,1,1,1,0,1,0.5849015952482405
0,11,1,1,1,0,1,0.5849015952482405
0,10,2,1,1,0,1,0.7667913421566266
0,9,2,1,1,0,1,0.7667913421566266
0,8,2,1,1,0,1,0.7667913421566266
0,7,2,1,1,0,1,0.7667913421566266
0,6,2,1,1,0,1,0.7667913421566266
0,5,2,1,1,0,1,0.7667913421566266
0,4,2,1,1,0,1,0.7667913421566266
0,3,2,1,1,0,1,0.7667913421566266
0,2,2,1,1,0,1,0.7667913421566266
0,1,2,1,1,0,1,0.7667913421566266
1,0,2,1,1,0,1,0.812997167718386
0,40,0,1,1,0,1,0.48330748108229427
0,39,0,1,1,0,1,0.48330748108229427
0,38,0,1,1,0,1,0.48330748108229427
0,37,0,1,1,0,1,0.48330748108229427
0,36,0,1,1,0,1,0.48330748108229427
0,35,0,1,1,0,1,0.48330748108229427
0,34,0,1,1,0,1,0.48330748108229427
0,33,0,1,1,0,1,0.48330748108229427
0,32,0,1,1,0,1,0.48330748108229427
0,31,0,1,1,0,1,0.48330748108229427
0,30,1,1,1,0,1,0.6106303039181644
0,29,1,1,1,0,1,0.6106303039181644
0,28,1,1,1,0,1,0.6106303039181644
0,27,1,1,1,0,1,0.6106303039181644
0,26,1,1,1,0,1,0.6106303039181644
0,25,1,1,1,0,1,0.6106303039181644
0,24,1,1,1,0,1,0.6106303039181644
0,23,1,1,1,0,1,0.6106303039181644
0,22,1,1,1,0,1,0.6106303039181644
0,21,1,1,1,0,1,0.6106303039181644
0,20,1,1,1,0,1,0.7925200508265506
0,19,1,1,1,0,1,0.7925200508265506
0,18,1,1,1,0,1,0.7925200508265506
0,17,1,1,1,0,1,0.7925200508265506
0,16,1,1,1,0,1,0.7925200508265506
0,15,1,1,1,0,1,0.7925200508265506
0,14,1,1,1,0,1,0.7925200508265506
0,13,1,1,1,0,1,0.7925200508265506
0,12,1,1,1,0,1,0.7925200508265506
0,11,1,1,1,0,1,0.7925200508265506
0,10,2,1,1,0,1,0.9744097977349366
0,9,2,1,1,0,1,0.9744097977349366
0,8,2,1,1,0,1,0.9744097977349366
0,7,2,1,1,0,1,0.9744097977349366
0,6,2,1,1,0,1,0.9744097977349366
0,5,2,1,1,0,1,0.9744097977349366
0,4,2,1,1,0,1,0.9744097977349366
0,3,2,1,1,0,1,0.9744097977349366
0,2,2,1,1,0,1,0.9744097977349366
0,1,2,1,1,0,1,0.9744097977349366
1,0,2,1,1,0,1,0.8243422627059984
1,0,2,1,1,0,1,0.8243422627059984
1,0,2,1,1,0,1,0.8243422627059984
1,0,2,1,1,0,1,0.8243422627059984
1,0,2,1,1,0,1,0.8243422627059984
1,0,2,1,1,0,1,0.8243422627059984
1,0,2,1,1,0,1,0.8243422627059984
1,0,2,1,1,0,1,0.8243422627059984
1,0,2,1,1,0,1,0.8243422627059984
1,0,2,1,1,0,1,0.8243422627059984
1,0,2,1,1,1,1,0.6167238071276883
0,40,0,1,1,1,1,0.09076075990089871
0,39,0,1,1,1,1,0.09076075990089871
0,38,0,1,1,1,1,0.09076075990089871
0,37,0,1,1,1,1,0.09076075990089871
0,36,0,1,1,1,1,0.09076075990089871
0,35,0,1,1,1,1,0.09076075990089871
0,34,0,1,1,1,1,0.09076075990089871
0,33,0,1,1,1,1,0.09076075990089871
0,32,0,1,1,1,1,0.09076075990089871
0,31,0,1,1,1,1,0.09076075990089871
0,30,1,1,1,1,1,0.21808358273676903
0,29,1,1,1,1,1,0.21808358273676903
0,28,1,1,1,1,1,0.21808358273676903
0,27,1,1,1,1,1,0.21808358273676903
0,26,1,1,1,1,1,0.21808358273676903
0,25,1,1,1,1,1,0.21808358273676903
0,24,1,1,1,1,1,0.21808358273676903
0,23,1,1,1,1,1,0.21808358273676903
0,22,1,1,1,1,1,0.21808358273676903
0,21,1,1,1,1,1,0.21808358273676903
0,20,1,1,1,1,1,0.3999733296451551
0,19,1,1,1,1,1,0.3999733296451551
0,18,1,1,1,1,1,0.3999733296451551
0,17,1,1,1,1,1,0.3999733296451551
0,16,1,1,1,1,1,0.3999733296451551
0,15,1,1,1,1,1,0.3999733296451551
0,14,1,1,1,1,1,0.3999733296451551
0,13,1,1,1,1,1,0.3999733296451551
0,12,1,1,1,1,1,0.3999733296451551
0,11,1,1,1,1,1,0.3999733296451551
0,10,2,1,1,1,1,0.5818630765535412
0,9,2,1,1,1,1,0.5818630765535412
0,8,2,1,1,1,1,0.5818630765535412
0,7,2,1,1,1,1,0.5818630765535412
0,6,2,1,1,1,1,0.5818630765535412
0,5,2,1,1,1,1,0.5818630765535412
0,4,2,1,1,1,1,0.5818630765535412
0,3,2,1,1,1,1,0.5818630765535412
0,2,2,1,1,1,1,0.5818630765535412
0,1,2,1,1,1,1,0.5818630765535412
1,0,2,1,1,0,1,0.7205330349168433
0,40,0,1,1,0,1,0.2983792154792088
0,39,0,1,1,0,1,0.2983792154792088
0,38,0,1,1,0,1,0.2983792154792088
0,37,0,1,1,0,1,0.2983792154792088
0,36,0,1,1,0,1,0.2983792154792088
0,35,0,1,1,0,1,0.2983792154792088
0,34,0,1,1,0,1,0.2983792154792088
0,33,0,1,1,0,1,0.2983792154792088
0,32,0,1,1,0,1,0.2983792154792088
0,31,0,1,1,0,1,0.2983792154792088
0,30,1,1,1,0,1,0.4257020383150791
0,29,1,1,1,0,1,0.4257020383150791
0,28,1,1,1,0,1,0.4257020383150791
0,27,1,1,1,0,1,0.4257020383150791
0,26,1,1,1,0,1,0.4257020383150791
0,25,1,1,1,0,1,0.4257020383150791
0,24,1,1,1,0,1,0.4257020383150791
0,23,1,1,1,0,1,0.4257020383150791
0,22,1,1,1,0,1,0.4257020383150791
0,21,1,1,1,0,1,0.4257020383150791
0,20,1,1,1,0,1,0.6075917852234651
0,19,1,1,1,0,1,0.6075917852234651
0,18,1,1,1,0,1,0.6075917852234651
0,17,1,1,1,0,1,0.6075917852234651
0,16,1,1,1,0,1,0.6075917852234651
0,15,1,1,1,0,1,0.6075917852234651
0,14,1,1,1,0,1,0.6075917852234651
0,13,1,1,1,0,1,0.6075917852234651
0,12,1,1,1,0,1,0.6075917852234651
0,11,1,1,1,0,1,0.6075917852234651
0,10,2,1,1,0,1,0.7894815321318512
0,9,2,1,1,0,1,0.7894815321318512
0,8,2,1,1,0,1,0.7894815321318512
0,7,2,1,1,0,1,0.7894815321318512
0,6,2,1,1,0,1,0.7894815321318512
0,5,2,1,1,0,1,0.7894815321318512
0,4,2,1,1,0,1,0.7894815321318512
0,3,2,1,1,0,1,0.7894815321318512
0,2,2,1,1,0,1,0.7894815321318512
0,1,2,1,1,0,1,0.7894815321318512
1,0,2,1,1,0,1,0.8243422627059984
0,2205,0,1,1,0,1,0.5059976710575189
0,2205,0,1,1,0,1,0.5059976710575189
0,2205,0,1,1,0,1,0.5059976710575189
0,2205,0,1,1,0,1,0.5059976710575189
0,2205,0,1,1,0,1,0.5059976710575189
0,2205,0,1,1,0,1,0.5059976710575189
0,2205,0,1,1,0,1,0.5059976710575189
0,2205,0,1,1,0,1,0.5059976710575189
0,2205,0,1,1,0,1,0.5059976710575189
0,2205,0,1,1,0,1,0.5059976710575189
0,2205,0,1,1,0,1,0.6333204938933892
0,2205,0,1,1,0,1,0.6333204938933892
0,2205,0,1,1,0,1,0.6333204938933892
0,2205,0,1,1,0,1,0.6333204938933892
0,2205,0,1,1,0,1,0.6333204938933892
0,2205,0,1,1,0,1,0.6333204938933892
0,2205,0,1,1,0,1,0.6333204938933892
0,2205,0,1,1,0,1,0.6333204938933892
0,2205,0,1,1,0,1,0.6333204938933892
0,2205,0,1,1,0,1,0.6333204938933892
0,2205,0,1,1,0,1,0.8152102408017753
0,2205,0,1,1,0,1,0.8152102408017753
0,2205,0,1,1,0,1,0.8152102408017753
0,2205,0,1,1,0,1,0.8152102408017753
0,2205,0,1,1,0,1,0.8152102408017753
0,2205,0,1,1,0,1,0.8152102408017753
0,2205,0,1,1,0,1,0.8152102408017753
0,2205,0,1,1,0,1,0.8152102408017753
0,2205,0,1,1,0,1,0.8152102408017753
0,2205,0,1,1,0,1,0.8152102408017753
0,2205,0,1,1,0,1,0.9970999877101614
0,2205,0,1,1,0,1,0.9970999877101614
0,2205,0,1,1,0,1,0.9970999877101614
0,2205,0,1,1,0,1,0.9970999877101614
0,2205,0,1,1,0,1,0.9970999877101614
0,2205,0,1,1,0,1,0.9970999877101614
0,2205,0,1,1,0,1,0.9970999877101614
0,2205,0,1,1,0,1,0.9970999877101614
0,2205,0,1,1,0,1,0.9970999877101614
0,2205,0,1,1,0,1,0.9970999877101614
0,2205,0,1,1,0,1,0.9970999877101614
0,2205,0,1,1,0,1,0.9970999877101614
0,2205,0,1,1,0,1,0.9970999877101614
0,2205,0,1,1,0,1,0.9970999877101614
0,2205,0,1,1,0,1,0.9970999877101614
0,2205,0,1,1,0,1,0.9970999877101614
0,2205,0,1,1,0,1,0.9970999877101614
0,2205,0,1,1,0,1,0.9970999877101614
0,2205,0,1,1,0,1,0.9970999877101614
